"Jan","Feb","Mar","Apr","May","Jun","Jul","Aug","Sep","Oct","Nov","Dec"
NA,NA,NA,NA,0,0,0.0102040816326531,0,NA,NA,NA,NA
NA,NA,NA,NA,0,0,0,0.130434782608696,NA,NA,NA,NA
NA,NA,NA,NA,0,0.0408163265306122,0.0510204081632653,0,NA,NA,NA,NA
NA,NA,NA,NA,0,0,0,0,NA,NA,NA,NA
NA,NA,NA,NA,0,0,0,0,NA,NA,NA,NA
NA,NA,NA,NA,0,0,0,0,NA,NA,NA,NA
NA,NA,NA,NA,0,0,0,0,NA,NA,NA,NA
NA,NA,NA,NA,0,0.0408163265306122,0,0,NA,NA,NA,NA
NA,NA,NA,NA,0,0,0,0,NA,NA,NA,NA
NA,NA,NA,NA,0,0,0,0,NA,NA,NA,NA
NA,NA,NA,NA,0,0,0,0,NA,NA,NA,NA
NA,NA,NA,NA,0,0,0,0,NA,NA,NA,NA
NA,NA,NA,NA,0,0,0.0102040816326531,0,NA,NA,NA,NA
NA,NA,NA,NA,0,0,0,0,NA,NA,NA,NA
NA,NA,NA,NA,0,0,0.0204081632653061,0,NA,NA,NA,NA
NA,NA,NA,NA,0,0,0,0,NA,NA,NA,NA
NA,NA,NA,NA,0,0,0,0,NA,NA,NA,NA
NA,NA,NA,NA,0,0,0,0,NA,NA,NA,NA
NA,NA,NA,NA,0,0,0.0102040816326531,0.0434782608695652,NA,NA,NA,NA
NA,NA,NA,NA,0,0,0,0,NA,NA,NA,NA
NA,NA,NA,NA,0,0,0,0.0434782608695652,NA,NA,NA,NA
NA,NA,NA,NA,0,0,0,0,NA,NA,NA,NA
NA,NA,NA,NA,0,0,0,0,NA,NA,NA,NA
NA,NA,NA,NA,0,0.0204081632653061,0.0204081632653061,0,NA,NA,NA,NA
NA,NA,NA,NA,0,0,0.0204081632653061,0,NA,NA,NA,NA
NA,NA,NA,NA,0,0,0,0,NA,NA,NA,NA
NA,NA,NA,NA,0,0.0612244897959184,0.0204081632653061,0,NA,NA,NA,NA
NA,NA,NA,NA,0,0,0,0,NA,NA,NA,NA
NA,NA,NA,NA,0,0.0204081632653061,0.0204081632653061,0,NA,NA,NA,NA
NA,NA,NA,NA,0,0,0,0.173913043478261,NA,NA,NA,NA
NA,NA,NA,NA,0,0,0,0,NA,NA,NA,NA
NA,NA,NA,NA,0,0,0,0,NA,NA,NA,NA
NA,NA,NA,NA,0,0,0.0204081632653061,0,NA,NA,NA,NA
NA,NA,NA,NA,0,0,0,0,NA,NA,NA,NA
NA,NA,NA,NA,0,0,0.0306122448979592,0,NA,NA,NA,NA
NA,NA,NA,NA,0,0,0.0408163265306122,0.217391304347826,NA,NA,NA,NA
NA,NA,NA,NA,0,0.0204081632653061,0.0306122448979592,0,NA,NA,NA,NA
NA,NA,NA,NA,0,0,0,0,NA,NA,NA,NA
NA,NA,NA,NA,0,0,0.0102040816326531,0,NA,NA,NA,NA
NA,NA,NA,NA,0,0,0,0,NA,NA,NA,NA
NA,NA,NA,NA,0,0,0.0204081632653061,0,NA,NA,NA,NA
NA,NA,NA,NA,0,0,0.0204081632653061,0,NA,NA,NA,NA
NA,NA,NA,NA,0,0.0612244897959184,0,0,NA,NA,NA,NA
NA,NA,NA,NA,0,0,0,0,NA,NA,NA,NA
NA,NA,NA,NA,0,0.0204081632653061,0,0,NA,NA,NA,NA
NA,NA,NA,NA,0,0,0.0102040816326531,0,NA,NA,NA,NA
NA,NA,NA,NA,0,0,0,0,NA,NA,NA,NA
NA,NA,NA,NA,0,0,0,0,NA,NA,NA,NA
NA,NA,NA,NA,0,0,0.0612244897959184,0,NA,NA,NA,NA
NA,NA,NA,NA,0,0,0,0,NA,NA,NA,NA
NA,NA,NA,NA,0,0,0.0102040816326531,0.260869565217391,NA,NA,NA,NA
NA,NA,NA,NA,0,0,0,0,NA,NA,NA,NA
NA,NA,NA,NA,0,0,0,0,NA,NA,NA,NA
NA,NA,NA,NA,0,0,0.0306122448979592,0.0869565217391304,NA,NA,NA,NA
NA,NA,NA,NA,0,0,0,0,NA,NA,NA,NA
NA,NA,NA,NA,0,0,0,0,NA,NA,NA,NA
NA,NA,NA,NA,0,0,0.0408163265306122,0,NA,NA,NA,NA
NA,NA,NA,NA,0,0,0.0204081632653061,0,NA,NA,NA,NA
NA,NA,NA,NA,0,0,0,0,NA,NA,NA,NA
NA,NA,NA,NA,0,0,0,0,NA,NA,NA,NA
NA,NA,NA,NA,0,0.0204081632653061,0.0306122448979592,0,NA,NA,NA,NA
NA,NA,NA,NA,0,0,0,0,NA,NA,NA,NA
NA,NA,NA,NA,0,0,0.0102040816326531,0.347826086956522,NA,NA,NA,NA
NA,NA,NA,NA,0,0,0,0,NA,NA,NA,NA
NA,NA,NA,NA,0,0,0,0,NA,NA,NA,NA
NA,NA,NA,NA,0,0,0,0,NA,NA,NA,NA
NA,NA,NA,NA,0,0,0,0.434782608695652,NA,NA,NA,NA
NA,NA,NA,NA,0,0,0,0,NA,NA,NA,NA
NA,NA,NA,NA,0,0,0,0,NA,NA,NA,NA
NA,NA,NA,NA,0,0,0,0.0869565217391304,NA,NA,NA,NA
NA,NA,NA,NA,0,0,0,0,NA,NA,NA,NA
NA,NA,NA,NA,0,0,0,0.217391304347826,NA,NA,NA,NA
NA,NA,NA,NA,0,0,0.0102040816326531,0.391304347826087,NA,NA,NA,NA
NA,NA,NA,NA,0,0,0.0408163265306122,0,NA,NA,NA,NA
NA,NA,NA,NA,0,0.0612244897959184,0.0510204081632653,0.0434782608695652,NA,NA,NA,NA
NA,NA,NA,NA,0,0,0.0714285714285714,0,NA,NA,NA,NA
NA,NA,NA,NA,0,0,0,0,NA,NA,NA,NA
NA,NA,NA,NA,0,0,0,0.0434782608695652,NA,NA,NA,NA
NA,NA,NA,NA,0,0,0,0.0869565217391304,NA,NA,NA,NA
NA,NA,NA,NA,0,0,0,0.173913043478261,NA,NA,NA,NA
NA,NA,NA,NA,0,0,0,0.0869565217391304,NA,NA,NA,NA
NA,NA,NA,NA,0,0,0,0,NA,NA,NA,NA
NA,NA,NA,NA,0,0,0,0,NA,NA,NA,NA
NA,NA,NA,NA,0,0,0.0102040816326531,0,NA,NA,NA,NA
NA,NA,NA,NA,0,0,0.0102040816326531,0,NA,NA,NA,NA
NA,NA,NA,NA,0,0.0612244897959184,0,0,NA,NA,NA,NA
NA,NA,NA,NA,0,0,0,0,NA,NA,NA,NA
NA,NA,NA,NA,0,0,0,0.0869565217391304,NA,NA,NA,NA
NA,NA,NA,NA,0,0,0.0102040816326531,0,NA,NA,NA,NA
NA,NA,NA,NA,0,0,0.0102040816326531,0.0434782608695652,NA,NA,NA,NA
NA,NA,NA,NA,0,0,0,0,NA,NA,NA,NA
NA,NA,NA,NA,0,0,0,0.0869565217391304,NA,NA,NA,NA
NA,NA,NA,NA,0,0,0,0.0434782608695652,NA,NA,NA,NA
NA,NA,NA,NA,0,0,0,0,NA,NA,NA,NA
NA,NA,NA,NA,0,0,0,0.0434782608695652,NA,NA,NA,NA
NA,NA,NA,NA,0,0.0204081632653061,0,0,NA,NA,NA,NA
NA,NA,NA,NA,0,0,0,0,NA,NA,NA,NA
NA,NA,NA,NA,0,0,0,0,NA,NA,NA,NA
NA,NA,NA,NA,0,0,0.0102040816326531,0,NA,NA,NA,NA
NA,NA,NA,NA,0,0,0,0.217391304347826,NA,NA,NA,NA
NA,NA,NA,NA,0,0,0,0,NA,NA,NA,NA
NA,NA,NA,NA,0,0,0,0,NA,NA,NA,NA
NA,NA,NA,NA,0,0,0,0,NA,NA,NA,NA
NA,NA,NA,NA,0,0,0,0.0434782608695652,NA,NA,NA,NA
NA,NA,NA,NA,0,0,0,0,NA,NA,NA,NA
NA,NA,NA,NA,0,0,0,0,NA,NA,NA,NA
NA,NA,NA,NA,0,0,0.0306122448979592,0,NA,NA,NA,NA
NA,NA,NA,NA,0,0,0,0,NA,NA,NA,NA
NA,NA,NA,NA,0,0,0.0102040816326531,0,NA,NA,NA,NA
NA,NA,NA,NA,0,0,0,0,NA,NA,NA,NA
NA,NA,NA,NA,0,0,0,0.0434782608695652,NA,NA,NA,NA
NA,NA,NA,NA,0,0,0,0,NA,NA,NA,NA
NA,NA,NA,NA,0,0.0408163265306122,0.0816326530612245,0,NA,NA,NA,NA
NA,NA,NA,NA,0,0,0,0.130434782608696,NA,NA,NA,NA
NA,NA,NA,NA,0,0,0.0408163265306122,0,NA,NA,NA,NA
NA,NA,NA,NA,0,0,0,0,NA,NA,NA,NA
NA,NA,NA,NA,0,0,0,0,NA,NA,NA,NA
NA,NA,NA,NA,0,0,0,0,NA,NA,NA,NA
NA,NA,NA,NA,0,0,0,0,NA,NA,NA,NA
NA,NA,NA,NA,0,0,0.0102040816326531,0,NA,NA,NA,NA
NA,NA,NA,NA,0,0,0,0.0869565217391304,NA,NA,NA,NA
NA,NA,NA,NA,0,0,0.0306122448979592,0.0434782608695652,NA,NA,NA,NA
NA,NA,NA,NA,0,0,0,0,NA,NA,NA,NA
NA,NA,NA,NA,0,0,0,0.260869565217391,NA,NA,NA,NA
NA,NA,NA,NA,0,0.0408163265306122,0.0204081632653061,0.0434782608695652,NA,NA,NA,NA
NA,NA,NA,NA,0,0,0.0408163265306122,0.0434782608695652,NA,NA,NA,NA
NA,NA,NA,NA,0,0,0,0,NA,NA,NA,NA
NA,NA,NA,NA,0,0,0,0,NA,NA,NA,NA
NA,NA,NA,NA,0,0,0.0306122448979592,0.260869565217391,NA,NA,NA,NA
NA,NA,NA,NA,0,0,0,0,NA,NA,NA,NA
NA,NA,NA,NA,0,0,0,0,NA,NA,NA,NA
NA,NA,NA,NA,0,0,0,0,NA,NA,NA,NA
NA,NA,NA,NA,0,0.0816326530612245,0.0408163265306122,0,NA,NA,NA,NA
NA,NA,NA,NA,0,0,0,0,NA,NA,NA,NA
NA,NA,NA,NA,0,0,0,0,NA,NA,NA,NA
NA,NA,NA,NA,0,0,0.0102040816326531,0.130434782608696,NA,NA,NA,NA
NA,NA,NA,NA,0,0,0.0408163265306122,0,NA,NA,NA,NA
NA,NA,NA,NA,0,0,0,0,NA,NA,NA,NA
NA,NA,NA,NA,0,0,0.0408163265306122,0,NA,NA,NA,NA
NA,NA,NA,NA,0,0,0.0306122448979592,0,NA,NA,NA,NA
NA,NA,NA,NA,0,0,0,0.0434782608695652,NA,NA,NA,NA
NA,NA,NA,NA,0,0,0,0,NA,NA,NA,NA
NA,NA,NA,NA,0,0,0,0,NA,NA,NA,NA
NA,NA,NA,NA,0,0,0,0,NA,NA,NA,NA
NA,NA,NA,NA,0,0,0,0,NA,NA,NA,NA
NA,NA,NA,NA,0,0,0,0.217391304347826,NA,NA,NA,NA
NA,NA,NA,NA,0,0,0,0,NA,NA,NA,NA
NA,NA,NA,NA,0,0,0,0,NA,NA,NA,NA
NA,NA,NA,NA,0,0,0,0,NA,NA,NA,NA
NA,NA,NA,NA,0,0,0,0,NA,NA,NA,NA
NA,NA,NA,NA,0,0,0,0,NA,NA,NA,NA
NA,NA,NA,NA,0,0,0.0102040816326531,0,NA,NA,NA,NA
NA,NA,NA,NA,0,0,0,0,NA,NA,NA,NA
NA,NA,NA,NA,0,0,0,0,NA,NA,NA,NA
NA,NA,NA,NA,0,0,0,0,NA,NA,NA,NA
NA,NA,NA,NA,0,0,0,0,NA,NA,NA,NA
NA,NA,NA,NA,0,0,0.0102040816326531,0,NA,NA,NA,NA
NA,NA,NA,NA,0,0,0,0,NA,NA,NA,NA
NA,NA,NA,NA,0,0,0.0102040816326531,0,NA,NA,NA,NA
NA,NA,NA,NA,0,0,0,0,NA,NA,NA,NA
NA,NA,NA,NA,0,0,0,0,NA,NA,NA,NA
NA,NA,NA,NA,0,0.0204081632653061,0,0,NA,NA,NA,NA
NA,NA,NA,NA,0,0,0.0204081632653061,0,NA,NA,NA,NA
NA,NA,NA,NA,0,0,0,0,NA,NA,NA,NA
NA,NA,NA,NA,0,0,0.0204081632653061,0,NA,NA,NA,NA
NA,NA,NA,NA,0,0,0,0,NA,NA,NA,NA
NA,NA,NA,NA,0,0,0,0.0434782608695652,NA,NA,NA,NA
NA,NA,NA,NA,0,0,0.0204081632653061,0,NA,NA,NA,NA
NA,NA,NA,NA,0,0,0.0204081632653061,0,NA,NA,NA,NA
NA,NA,NA,NA,0,0,0.0102040816326531,0,NA,NA,NA,NA
NA,NA,NA,NA,0,0,0,0,NA,NA,NA,NA
NA,NA,NA,NA,0,0,0,0,NA,NA,NA,NA
NA,NA,NA,NA,0,0,0,0,NA,NA,NA,NA
NA,NA,NA,NA,0,0,0,0.0434782608695652,NA,NA,NA,NA
NA,NA,NA,NA,0,0,0,0,NA,NA,NA,NA
NA,NA,NA,NA,0,0,0,0,NA,NA,NA,NA
NA,NA,NA,NA,0,0,0.0306122448979592,0,NA,NA,NA,NA
NA,NA,NA,NA,0,0,0.0204081632653061,0,NA,NA,NA,NA
NA,NA,NA,NA,0,0,0,0,NA,NA,NA,NA
NA,NA,NA,NA,0,0,0,0,NA,NA,NA,NA
NA,NA,NA,NA,0,0,0,0.0869565217391304,NA,NA,NA,NA
NA,NA,NA,NA,0,0,0.0102040816326531,0.0869565217391304,NA,NA,NA,NA
NA,NA,NA,NA,0,0,0.0102040816326531,0,NA,NA,NA,NA
NA,NA,NA,NA,0,0,0.0102040816326531,0,NA,NA,NA,NA
NA,NA,NA,NA,0,0,0,0,NA,NA,NA,NA
NA,NA,NA,NA,0,0,0.0510204081632653,0,NA,NA,NA,NA
NA,NA,NA,NA,0,0,0,0.0869565217391304,NA,NA,NA,NA
NA,NA,NA,NA,0,0,0.0306122448979592,0,NA,NA,NA,NA
NA,NA,NA,NA,0,0,0.0102040816326531,0.173913043478261,NA,NA,NA,NA
NA,NA,NA,NA,0,0,0,0,NA,NA,NA,NA
NA,NA,NA,NA,0,0,0,0,NA,NA,NA,NA
NA,NA,NA,NA,0,0,0,0,NA,NA,NA,NA
NA,NA,NA,NA,0,0,0,0,NA,NA,NA,NA
NA,NA,NA,NA,0,0,0.0408163265306122,0,NA,NA,NA,NA
NA,NA,NA,NA,0,0,0,0,NA,NA,NA,NA
NA,NA,NA,NA,0,0,0,0.0869565217391304,NA,NA,NA,NA
NA,NA,NA,NA,0,0,0,0.0434782608695652,NA,NA,NA,NA
NA,NA,NA,NA,0,0,0,0,NA,NA,NA,NA
NA,NA,NA,NA,0,0,0,0.0869565217391304,NA,NA,NA,NA
NA,NA,NA,NA,0,0,0,0,NA,NA,NA,NA
NA,NA,NA,NA,0,0,0,0,NA,NA,NA,NA
NA,NA,NA,NA,0,0,0,0,NA,NA,NA,NA
NA,NA,NA,NA,0,0,0,0,NA,NA,NA,NA
NA,NA,NA,NA,0,0,0,0.130434782608696,NA,NA,NA,NA
NA,NA,NA,NA,0,0,0,0,NA,NA,NA,NA
NA,NA,NA,NA,0,0,0,0.0434782608695652,NA,NA,NA,NA
NA,NA,NA,NA,0,0,0.0306122448979592,0,NA,NA,NA,NA
NA,NA,NA,NA,0,0,0,0,NA,NA,NA,NA
NA,NA,NA,NA,0,0,0,0,NA,NA,NA,NA
NA,NA,NA,NA,0,0,0.0204081632653061,0,NA,NA,NA,NA
NA,NA,NA,NA,0,0,0,0,NA,NA,NA,NA
NA,NA,NA,NA,0,0.0612244897959184,0,0,NA,NA,NA,NA
NA,NA,NA,NA,0,0,0,0,NA,NA,NA,NA
NA,NA,NA,NA,0,0,0,0.0434782608695652,NA,NA,NA,NA
NA,NA,NA,NA,0,0,0,0,NA,NA,NA,NA
NA,NA,NA,NA,0,0,0.0204081632653061,0,NA,NA,NA,NA
NA,NA,NA,NA,0,0,0,0,NA,NA,NA,NA
NA,NA,NA,NA,0,0,0,0,NA,NA,NA,NA
NA,NA,NA,NA,0,0,0,0.0869565217391304,NA,NA,NA,NA
NA,NA,NA,NA,0,0,0,0,NA,NA,NA,NA
NA,NA,NA,NA,0,0,0.0204081632653061,0,NA,NA,NA,NA
NA,NA,NA,NA,0,0,0.0102040816326531,0.0434782608695652,NA,NA,NA,NA
NA,NA,NA,NA,0,0,0.0102040816326531,0,NA,NA,NA,NA
NA,NA,NA,NA,0,0,0,0.0434782608695652,NA,NA,NA,NA
NA,NA,NA,NA,0,0,0,0,NA,NA,NA,NA
NA,NA,NA,NA,0,0,0,0,NA,NA,NA,NA
NA,NA,NA,NA,0,0,0.0204081632653061,0,NA,NA,NA,NA
NA,NA,NA,NA,0,0,0,0,NA,NA,NA,NA
NA,NA,NA,NA,0,0,0,0.173913043478261,NA,NA,NA,NA
NA,NA,NA,NA,0,0,0.0408163265306122,0.0434782608695652,NA,NA,NA,NA
NA,NA,NA,NA,0,0,0.0102040816326531,0,NA,NA,NA,NA
NA,NA,NA,NA,0,0,0,0,NA,NA,NA,NA
NA,NA,NA,NA,0,0,0,0,NA,NA,NA,NA
NA,NA,NA,NA,0,0,0,0.0869565217391304,NA,NA,NA,NA
NA,NA,NA,NA,0,0,0,0,NA,NA,NA,NA
NA,NA,NA,NA,0,0,0.0714285714285714,0,NA,NA,NA,NA
NA,NA,NA,NA,0,0,0,0,NA,NA,NA,NA
NA,NA,NA,NA,0,0,0,0.0869565217391304,NA,NA,NA,NA
NA,NA,NA,NA,0,0,0,0,NA,NA,NA,NA
NA,NA,NA,NA,0,0,0.0306122448979592,0.0869565217391304,NA,NA,NA,NA
NA,NA,NA,NA,0,0.0408163265306122,0.0102040816326531,0.0434782608695652,NA,NA,NA,NA
NA,NA,NA,NA,0,0,0,0,NA,NA,NA,NA
NA,NA,NA,NA,0,0,0,0,NA,NA,NA,NA
NA,NA,NA,NA,0,0,0.0612244897959184,0,NA,NA,NA,NA
NA,NA,NA,NA,0,0,0,0,NA,NA,NA,NA
NA,NA,NA,NA,0,0,0,0,NA,NA,NA,NA
NA,NA,NA,NA,0,0.0612244897959184,0.0102040816326531,0,NA,NA,NA,NA
NA,NA,NA,NA,0,0,0,0,NA,NA,NA,NA
NA,NA,NA,NA,0,0,0,0.0434782608695652,NA,NA,NA,NA
NA,NA,NA,NA,0,0.0408163265306122,0.0204081632653061,0.217391304347826,NA,NA,NA,NA
NA,NA,NA,NA,0,0,0,0,NA,NA,NA,NA
NA,NA,NA,NA,0,0,0,0,NA,NA,NA,NA
NA,NA,NA,NA,0,0,0,0,NA,NA,NA,NA
NA,NA,NA,NA,0,0,0,0,NA,NA,NA,NA
NA,NA,NA,NA,0,0,0.0204081632653061,0,NA,NA,NA,NA
NA,NA,NA,NA,0,0,0.0612244897959184,0,NA,NA,NA,NA
NA,NA,NA,NA,0,0,0,0,NA,NA,NA,NA
NA,NA,NA,NA,0,0,0,0,NA,NA,NA,NA
NA,NA,NA,NA,0,0,0,0,NA,NA,NA,NA
NA,NA,NA,NA,0,0,0.0204081632653061,0.217391304347826,NA,NA,NA,NA
NA,NA,NA,NA,0,0,0.0204081632653061,0,NA,NA,NA,NA
NA,NA,NA,NA,0,0,0,0,NA,NA,NA,NA
NA,NA,NA,NA,0,0,0.0102040816326531,0.0434782608695652,NA,NA,NA,NA
NA,NA,NA,NA,0,0,0,0,NA,NA,NA,NA
NA,NA,NA,NA,0,0,0.0306122448979592,0.0869565217391304,NA,NA,NA,NA
NA,NA,NA,NA,0,0,0,0,NA,NA,NA,NA
NA,NA,NA,NA,0,0,0.0510204081632653,0,NA,NA,NA,NA
NA,NA,NA,NA,0,0.0816326530612245,0.0510204081632653,0,NA,NA,NA,NA
NA,NA,NA,NA,0,0,0,0,NA,NA,NA,NA
NA,NA,NA,NA,0,0,0,0,NA,NA,NA,NA
NA,NA,NA,NA,0,0,0,0.0869565217391304,NA,NA,NA,NA
NA,NA,NA,NA,0,0,0,0,NA,NA,NA,NA
NA,NA,NA,NA,0,0,0,0,NA,NA,NA,NA
NA,NA,NA,NA,0,0,0,0,NA,NA,NA,NA
NA,NA,NA,NA,0,0,0,0,NA,NA,NA,NA
NA,NA,NA,NA,0,0,0,0,NA,NA,NA,NA
NA,NA,NA,NA,0,0,0,0.0434782608695652,NA,NA,NA,NA
NA,NA,NA,NA,0,0,0,0,NA,NA,NA,NA
NA,NA,NA,NA,0,0,0,0,NA,NA,NA,NA
NA,NA,NA,NA,0,0,0,0.304347826086957,NA,NA,NA,NA
NA,NA,NA,NA,0,0.0408163265306122,0.0204081632653061,0,NA,NA,NA,NA
NA,NA,NA,NA,0,0,0,0.0434782608695652,NA,NA,NA,NA
NA,NA,NA,NA,0,0,0,0,NA,NA,NA,NA
NA,NA,NA,NA,0,0,0,0,NA,NA,NA,NA
NA,NA,NA,NA,0,0.0204081632653061,0,0,NA,NA,NA,NA
NA,NA,NA,NA,0,0,0.0408163265306122,0,NA,NA,NA,NA
NA,NA,NA,NA,0,0,0,0.0434782608695652,NA,NA,NA,NA
NA,NA,NA,NA,0,0,0.0408163265306122,0,NA,NA,NA,NA
NA,NA,NA,NA,0,0,0,0,NA,NA,NA,NA
NA,NA,NA,NA,0,0,0.0306122448979592,0.0869565217391304,NA,NA,NA,NA
NA,NA,NA,NA,0,0,0,0.0434782608695652,NA,NA,NA,NA
NA,NA,NA,NA,0,0,0,0,NA,NA,NA,NA
NA,NA,NA,NA,0,0,0,0,NA,NA,NA,NA
NA,NA,NA,NA,0,0,0,0,NA,NA,NA,NA
NA,NA,NA,NA,0,0.0612244897959184,0,0,NA,NA,NA,NA
NA,NA,NA,NA,0,0,0,0.0869565217391304,NA,NA,NA,NA
NA,NA,NA,NA,0,0,0.0306122448979592,0,NA,NA,NA,NA
NA,NA,NA,NA,0,0,0,0.0869565217391304,NA,NA,NA,NA
NA,NA,NA,NA,0,0,0,0.0869565217391304,NA,NA,NA,NA
NA,NA,NA,NA,0,0,0,0.0434782608695652,NA,NA,NA,NA
NA,NA,NA,NA,0,0,0,0,NA,NA,NA,NA
NA,NA,NA,NA,0,0,0.0102040816326531,0.0869565217391304,NA,NA,NA,NA
NA,NA,NA,NA,0,0,0,0,NA,NA,NA,NA
NA,NA,NA,NA,0,0,0.0102040816326531,0,NA,NA,NA,NA
NA,NA,NA,NA,0,0,0.0510204081632653,0,NA,NA,NA,NA
NA,NA,NA,NA,0,0,0,0,NA,NA,NA,NA
NA,NA,NA,NA,0,0,0,0,NA,NA,NA,NA
NA,NA,NA,NA,0,0,0,0,NA,NA,NA,NA
NA,NA,NA,NA,0,0,0.0612244897959184,0,NA,NA,NA,NA
NA,NA,NA,NA,0,0,0,0,NA,NA,NA,NA
NA,NA,NA,NA,0,0,0,0.0869565217391304,NA,NA,NA,NA
NA,NA,NA,NA,0,0,0,0.0869565217391304,NA,NA,NA,NA
NA,NA,NA,NA,0,0,0,0,NA,NA,NA,NA
NA,NA,NA,NA,0,0,0.0306122448979592,0,NA,NA,NA,NA
NA,NA,NA,NA,0,0,0,0,NA,NA,NA,NA
NA,NA,NA,NA,0,0,0,0,NA,NA,NA,NA
NA,NA,NA,NA,0,0,0,0.0434782608695652,NA,NA,NA,NA
NA,NA,NA,NA,0,0,0,0,NA,NA,NA,NA
NA,NA,NA,NA,0,0,0,0,NA,NA,NA,NA
NA,NA,NA,NA,0,0,0.0102040816326531,0,NA,NA,NA,NA
NA,NA,NA,NA,0,0,0,0,NA,NA,NA,NA
NA,NA,NA,NA,0,0,0,0,NA,NA,NA,NA
NA,NA,NA,NA,0,0,0,0,NA,NA,NA,NA
NA,NA,NA,NA,0,0,0,0,NA,NA,NA,NA
NA,NA,NA,NA,0,0.0204081632653061,0.0102040816326531,0,NA,NA,NA,NA
NA,NA,NA,NA,0,0,0,0,NA,NA,NA,NA
NA,NA,NA,NA,0,0,0,0,NA,NA,NA,NA
NA,NA,NA,NA,0,0,0,0,NA,NA,NA,NA
NA,NA,NA,NA,0,0,0.0306122448979592,0.130434782608696,NA,NA,NA,NA
NA,NA,NA,NA,0,0.0408163265306122,0.0306122448979592,0,NA,NA,NA,NA
NA,NA,NA,NA,0,0,0,0,NA,NA,NA,NA
NA,NA,NA,NA,0,0,0.0408163265306122,0,NA,NA,NA,NA
NA,NA,NA,NA,0,0,0.0102040816326531,0,NA,NA,NA,NA
NA,NA,NA,NA,0,0.0816326530612245,0.0102040816326531,0,NA,NA,NA,NA
NA,NA,NA,NA,0,0,0,0,NA,NA,NA,NA
NA,NA,NA,NA,0,0,0,0,NA,NA,NA,NA
NA,NA,NA,NA,0,0,0,0,NA,NA,NA,NA
NA,NA,NA,NA,0,0,0,0,NA,NA,NA,NA
NA,NA,NA,NA,0,0,0,0,NA,NA,NA,NA
NA,NA,NA,NA,0,0,0,0,NA,NA,NA,NA
NA,NA,NA,NA,0,0,0,0.0434782608695652,NA,NA,NA,NA
NA,NA,NA,NA,0,0,0,0,NA,NA,NA,NA
NA,NA,NA,NA,0,0,0.0102040816326531,0,NA,NA,NA,NA
NA,NA,NA,NA,0,0,0,0,NA,NA,NA,NA
NA,NA,NA,NA,0,0,0,0,NA,NA,NA,NA
NA,NA,NA,NA,0,0,0,0.130434782608696,NA,NA,NA,NA
NA,NA,NA,NA,0,0,0,0.0434782608695652,NA,NA,NA,NA
NA,NA,NA,NA,0,0,0.0204081632653061,0.173913043478261,NA,NA,NA,NA
NA,NA,NA,NA,0,0,0,0,NA,NA,NA,NA
NA,NA,NA,NA,0,0,0,0,NA,NA,NA,NA
NA,NA,NA,NA,0,0.0204081632653061,0.0204081632653061,0,NA,NA,NA,NA
NA,NA,NA,NA,0,0,0,0,NA,NA,NA,NA
NA,NA,NA,NA,0,0,0.0204081632653061,0,NA,NA,NA,NA
NA,NA,NA,NA,0,0,0,0,NA,NA,NA,NA
NA,NA,NA,NA,0,0,0.0204081632653061,0,NA,NA,NA,NA
NA,NA,NA,NA,0,0,0,0.304347826086957,NA,NA,NA,NA
NA,NA,NA,NA,0,0,0,0,NA,NA,NA,NA
NA,NA,NA,NA,0,0,0,0,NA,NA,NA,NA
NA,NA,NA,NA,0,0,0,0,NA,NA,NA,NA
NA,NA,NA,NA,0,0,0,0,NA,NA,NA,NA
NA,NA,NA,NA,0,0,0,0,NA,NA,NA,NA
NA,NA,NA,NA,0,0.0408163265306122,0.0204081632653061,0,NA,NA,NA,NA
NA,NA,NA,NA,0,0,0.0204081632653061,0,NA,NA,NA,NA
NA,NA,NA,NA,0,0,0.0204081632653061,0.0434782608695652,NA,NA,NA,NA
NA,NA,NA,NA,0,0,0,0,NA,NA,NA,NA
NA,NA,NA,NA,0,0,0,0,NA,NA,NA,NA
NA,NA,NA,NA,0,0,0,0,NA,NA,NA,NA
NA,NA,NA,NA,0,0,0,0,NA,NA,NA,NA
NA,NA,NA,NA,0,0,0,0,NA,NA,NA,NA
NA,NA,NA,NA,0,0,0,0,NA,NA,NA,NA
NA,NA,NA,NA,0,0,0,0,NA,NA,NA,NA
NA,NA,NA,NA,0,0,0,0,NA,NA,NA,NA
NA,NA,NA,NA,0,0,0,0,NA,NA,NA,NA
NA,NA,NA,NA,0,0.0408163265306122,0,0,NA,NA,NA,NA
NA,NA,NA,NA,0,0.0816326530612245,0.0306122448979592,0,NA,NA,NA,NA
NA,NA,NA,NA,0,0,0,0,NA,NA,NA,NA
NA,NA,NA,NA,0,0,0.0102040816326531,0.0869565217391304,NA,NA,NA,NA
NA,NA,NA,NA,0,0,0,0,NA,NA,NA,NA
NA,NA,NA,NA,0,0,0,0.0434782608695652,NA,NA,NA,NA
NA,NA,NA,NA,0,0,0,0,NA,NA,NA,NA
NA,NA,NA,NA,0,0,0,0,NA,NA,NA,NA
NA,NA,NA,NA,0,0,0.0204081632653061,0,NA,NA,NA,NA
NA,NA,NA,NA,0,0,0.0204081632653061,0.260869565217391,NA,NA,NA,NA
NA,NA,NA,NA,0,0,0,0,NA,NA,NA,NA
NA,NA,NA,NA,0,0,0,0.0434782608695652,NA,NA,NA,NA
NA,NA,NA,NA,0,0.0408163265306122,0,0,NA,NA,NA,NA
NA,NA,NA,NA,0,0,0,0,NA,NA,NA,NA
NA,NA,NA,NA,0,0.0408163265306122,0.0306122448979592,0,NA,NA,NA,NA
NA,NA,NA,NA,0,0,0.0612244897959184,0.0869565217391304,NA,NA,NA,NA
NA,NA,NA,NA,0,0,0.0204081632653061,0,NA,NA,NA,NA
NA,NA,NA,NA,0,0,0.0102040816326531,0.173913043478261,NA,NA,NA,NA
NA,NA,NA,NA,0,0,0.0102040816326531,0,NA,NA,NA,NA
NA,NA,NA,NA,0,0,0,0,NA,NA,NA,NA
NA,NA,NA,NA,0,0,0,0,NA,NA,NA,NA
NA,NA,NA,NA,0,0,0,0,NA,NA,NA,NA
NA,NA,NA,NA,0,0,0,0,NA,NA,NA,NA
NA,NA,NA,NA,0,0,0,0,NA,NA,NA,NA
NA,NA,NA,NA,0,0,0,0,NA,NA,NA,NA
NA,NA,NA,NA,0,0,0,0.0434782608695652,NA,NA,NA,NA
NA,NA,NA,NA,0,0.0204081632653061,0.0306122448979592,0,NA,NA,NA,NA
NA,NA,NA,NA,0,0,0,0.0434782608695652,NA,NA,NA,NA
NA,NA,NA,NA,0,0,0,0,NA,NA,NA,NA
NA,NA,NA,NA,0,0,0,0,NA,NA,NA,NA
NA,NA,NA,NA,0,0,0,0,NA,NA,NA,NA
NA,NA,NA,NA,0,0.0408163265306122,0,0,NA,NA,NA,NA
NA,NA,NA,NA,0,0,0,0.0869565217391304,NA,NA,NA,NA
NA,NA,NA,NA,0,0,0,0,NA,NA,NA,NA
NA,NA,NA,NA,0,0,0,0.0434782608695652,NA,NA,NA,NA
NA,NA,NA,NA,0,0,0.0102040816326531,0,NA,NA,NA,NA
NA,NA,NA,NA,0,0,0.0408163265306122,0,NA,NA,NA,NA
NA,NA,NA,NA,0,0,0,0,NA,NA,NA,NA
NA,NA,NA,NA,0,0,0.0408163265306122,0,NA,NA,NA,NA
NA,NA,NA,NA,0,0,0,0,NA,NA,NA,NA
NA,NA,NA,NA,0,0,0,0,NA,NA,NA,NA
NA,NA,NA,NA,0,0,0.0102040816326531,0,NA,NA,NA,NA
NA,NA,NA,NA,0,0,0.0102040816326531,0,NA,NA,NA,NA
NA,NA,NA,NA,0,0,0.0102040816326531,0,NA,NA,NA,NA
NA,NA,NA,NA,0,0,0,0,NA,NA,NA,NA
NA,NA,NA,NA,0,0,0.0102040816326531,0,NA,NA,NA,NA
NA,NA,NA,NA,0,0,0,0.0434782608695652,NA,NA,NA,NA
NA,NA,NA,NA,0,0,0,0,NA,NA,NA,NA
NA,NA,NA,NA,0,0,0,0,NA,NA,NA,NA
NA,NA,NA,NA,0,0.0204081632653061,0.0102040816326531,0,NA,NA,NA,NA
NA,NA,NA,NA,0,0.0612244897959184,0.0102040816326531,0,NA,NA,NA,NA
NA,NA,NA,NA,0,0,0,0,NA,NA,NA,NA
NA,NA,NA,NA,0,0,0,0,NA,NA,NA,NA
NA,NA,NA,NA,0,0,0,0,NA,NA,NA,NA
NA,NA,NA,NA,0,0,0,0.0434782608695652,NA,NA,NA,NA
NA,NA,NA,NA,0,0,0,0,NA,NA,NA,NA
NA,NA,NA,NA,0,0,0,0,NA,NA,NA,NA
NA,NA,NA,NA,0,0,0.0102040816326531,0,NA,NA,NA,NA
NA,NA,NA,NA,0,0,0,0,NA,NA,NA,NA
NA,NA,NA,NA,0,0.0204081632653061,0.0204081632653061,0,NA,NA,NA,NA
NA,NA,NA,NA,0,0.0408163265306122,0.0306122448979592,0,NA,NA,NA,NA
NA,NA,NA,NA,0,0,0,0,NA,NA,NA,NA
NA,NA,NA,NA,0,0,0.0204081632653061,0,NA,NA,NA,NA
NA,NA,NA,NA,0,0,0,0,NA,NA,NA,NA
NA,NA,NA,NA,0,0,0,0,NA,NA,NA,NA
NA,NA,NA,NA,0,0,0.0204081632653061,0,NA,NA,NA,NA
NA,NA,NA,NA,0,0,0,0,NA,NA,NA,NA
NA,NA,NA,NA,0,0,0,0,NA,NA,NA,NA
NA,NA,NA,NA,0,0,0,0.0434782608695652,NA,NA,NA,NA
NA,NA,NA,NA,0,0,0,0,NA,NA,NA,NA
NA,NA,NA,NA,0,0,0,0.0869565217391304,NA,NA,NA,NA
NA,NA,NA,NA,0,0,0.0306122448979592,0,NA,NA,NA,NA
NA,NA,NA,NA,0,0,0.0408163265306122,0.0869565217391304,NA,NA,NA,NA
NA,NA,NA,NA,0,0,0,0.0434782608695652,NA,NA,NA,NA
NA,NA,NA,NA,0,0,0,0,NA,NA,NA,NA
NA,NA,NA,NA,0,0,0,0.0869565217391304,NA,NA,NA,NA
NA,NA,NA,NA,0,0,0,0.0869565217391304,NA,NA,NA,NA
NA,NA,NA,NA,0,0,0.0102040816326531,0,NA,NA,NA,NA
NA,NA,NA,NA,0,0,0,0.173913043478261,NA,NA,NA,NA
NA,NA,NA,NA,0,0,0,0,NA,NA,NA,NA
NA,NA,NA,NA,0,0,0.0714285714285714,0,NA,NA,NA,NA
NA,NA,NA,NA,0,0,0.0510204081632653,0,NA,NA,NA,NA
NA,NA,NA,NA,0,0,0,0.0434782608695652,NA,NA,NA,NA
NA,NA,NA,NA,0,0,0.0408163265306122,0.173913043478261,NA,NA,NA,NA
NA,NA,NA,NA,0,0.0204081632653061,0,0,NA,NA,NA,NA
NA,NA,NA,NA,0,0,0.0204081632653061,0.173913043478261,NA,NA,NA,NA
NA,NA,NA,NA,0,0,0,0,NA,NA,NA,NA
NA,NA,NA,NA,0,0,0,0,NA,NA,NA,NA
NA,NA,NA,NA,0,0,0.0510204081632653,0,NA,NA,NA,NA
NA,NA,NA,NA,0,0,0,0,NA,NA,NA,NA
NA,NA,NA,NA,0,0,0,0,NA,NA,NA,NA
NA,NA,NA,NA,0,0,0.0204081632653061,0,NA,NA,NA,NA
NA,NA,NA,NA,0,0,0,0.0434782608695652,NA,NA,NA,NA
NA,NA,NA,NA,0,0,0.0510204081632653,0,NA,NA,NA,NA
NA,NA,NA,NA,0,0,0,0,NA,NA,NA,NA
NA,NA,NA,NA,0,0,0,0,NA,NA,NA,NA
NA,NA,NA,NA,0,0,0,0,NA,NA,NA,NA
NA,NA,NA,NA,0,0,0,0,NA,NA,NA,NA
NA,NA,NA,NA,0,0,0,0,NA,NA,NA,NA
NA,NA,NA,NA,0,0,0.0102040816326531,0,NA,NA,NA,NA
NA,NA,NA,NA,0,0,0,0,NA,NA,NA,NA
NA,NA,NA,NA,0,0,0,0,NA,NA,NA,NA
NA,NA,NA,NA,0,0,0,0,NA,NA,NA,NA
NA,NA,NA,NA,0,0,0,0,NA,NA,NA,NA
NA,NA,NA,NA,0,0,0.0204081632653061,0.0434782608695652,NA,NA,NA,NA
NA,NA,NA,NA,0,0,0,0,NA,NA,NA,NA
NA,NA,NA,NA,0,0,0,0,NA,NA,NA,NA
NA,NA,NA,NA,0,0,0.0204081632653061,0.0434782608695652,NA,NA,NA,NA
NA,NA,NA,NA,0,0,0.0306122448979592,0.0869565217391304,NA,NA,NA,NA
NA,NA,NA,NA,0,0,0,0.0434782608695652,NA,NA,NA,NA
NA,NA,NA,NA,0,0,0.0102040816326531,0,NA,NA,NA,NA
NA,NA,NA,NA,0,0,0.0204081632653061,0.130434782608696,NA,NA,NA,NA
NA,NA,NA,NA,0,0,0,0,NA,NA,NA,NA
NA,NA,NA,NA,0,0,0,0,NA,NA,NA,NA
NA,NA,NA,NA,0,0,0,0.130434782608696,NA,NA,NA,NA
NA,NA,NA,NA,0,0,0,0.0434782608695652,NA,NA,NA,NA
NA,NA,NA,NA,0,0.0408163265306122,0,0,NA,NA,NA,NA
NA,NA,NA,NA,0,0,0.0510204081632653,0,NA,NA,NA,NA
NA,NA,NA,NA,0,0,0.0204081632653061,0,NA,NA,NA,NA
NA,NA,NA,NA,0,0,0,0,NA,NA,NA,NA
NA,NA,NA,NA,0,0,0,0,NA,NA,NA,NA
NA,NA,NA,NA,0,0,0,0,NA,NA,NA,NA
NA,NA,NA,NA,0,0,0,0,NA,NA,NA,NA
NA,NA,NA,NA,0,0,0.0408163265306122,0,NA,NA,NA,NA
NA,NA,NA,NA,0,0,0,0,NA,NA,NA,NA
NA,NA,NA,NA,0,0,0,0,NA,NA,NA,NA
NA,NA,NA,NA,0,0.0204081632653061,0,0,NA,NA,NA,NA
NA,NA,NA,NA,0,0,0,0,NA,NA,NA,NA
NA,NA,NA,NA,0,0,0,0,NA,NA,NA,NA
NA,NA,NA,NA,0,0,0,0,NA,NA,NA,NA
NA,NA,NA,NA,0,0,0,0,NA,NA,NA,NA
NA,NA,NA,NA,0,0,0,0,NA,NA,NA,NA
NA,NA,NA,NA,0,0.0408163265306122,0.0306122448979592,0,NA,NA,NA,NA
NA,NA,NA,NA,0,0,0,0,NA,NA,NA,NA
NA,NA,NA,NA,0,0,0,0,NA,NA,NA,NA
NA,NA,NA,NA,0,0,0,0.0869565217391304,NA,NA,NA,NA
NA,NA,NA,NA,0,0,0,0.173913043478261,NA,NA,NA,NA
NA,NA,NA,NA,0,0,0,0,NA,NA,NA,NA
NA,NA,NA,NA,0,0,0,0,NA,NA,NA,NA
NA,NA,NA,NA,0,0,0,0,NA,NA,NA,NA
NA,NA,NA,NA,0,0,0,0,NA,NA,NA,NA
NA,NA,NA,NA,0,0.0816326530612245,0.0612244897959184,0,NA,NA,NA,NA
NA,NA,NA,NA,0,0,0.0204081632653061,0.0869565217391304,NA,NA,NA,NA
NA,NA,NA,NA,0,0,0,0,NA,NA,NA,NA
NA,NA,NA,NA,0,0,0,0,NA,NA,NA,NA
NA,NA,NA,NA,0,0,0,0.0434782608695652,NA,NA,NA,NA
NA,NA,NA,NA,0,0,0.0102040816326531,0.260869565217391,NA,NA,NA,NA
NA,NA,NA,NA,0,0,0,0,NA,NA,NA,NA
NA,NA,NA,NA,0,0,0,0,NA,NA,NA,NA
NA,NA,NA,NA,0,0,0,0,NA,NA,NA,NA
NA,NA,NA,NA,0,0,0.0408163265306122,0.173913043478261,NA,NA,NA,NA
NA,NA,NA,NA,0,0,0,0,NA,NA,NA,NA
NA,NA,NA,NA,0,0,0,0,NA,NA,NA,NA
NA,NA,NA,NA,0,0,0,0.0434782608695652,NA,NA,NA,NA
NA,NA,NA,NA,0,0,0,0,NA,NA,NA,NA
NA,NA,NA,NA,0,0,0.0306122448979592,0,NA,NA,NA,NA
NA,NA,NA,NA,0,0,0,0,NA,NA,NA,NA
NA,NA,NA,NA,0,0.0816326530612245,0.0204081632653061,0,NA,NA,NA,NA
NA,NA,NA,NA,0,0,0,0.217391304347826,NA,NA,NA,NA
NA,NA,NA,NA,0,0,0,0,NA,NA,NA,NA
NA,NA,NA,NA,0,0,0,0,NA,NA,NA,NA
NA,NA,NA,NA,0,0,0,0,NA,NA,NA,NA
NA,NA,NA,NA,0,0,0.0204081632653061,0,NA,NA,NA,NA
NA,NA,NA,NA,0,0,0.0102040816326531,0.0434782608695652,NA,NA,NA,NA
NA,NA,NA,NA,0,0,0,0,NA,NA,NA,NA
NA,NA,NA,NA,0,0,0.0102040816326531,0,NA,NA,NA,NA
NA,NA,NA,NA,0,0,0,0,NA,NA,NA,NA
NA,NA,NA,NA,0,0.0204081632653061,0.0102040816326531,0.0434782608695652,NA,NA,NA,NA
NA,NA,NA,NA,0,0,0,0,NA,NA,NA,NA
NA,NA,NA,NA,0,0,0,0,NA,NA,NA,NA
NA,NA,NA,NA,0,0,0.0306122448979592,0,NA,NA,NA,NA
NA,NA,NA,NA,0,0,0,0,NA,NA,NA,NA
NA,NA,NA,NA,0,0,0,0,NA,NA,NA,NA
NA,NA,NA,NA,0,0,0.0102040816326531,0,NA,NA,NA,NA
NA,NA,NA,NA,0,0,0.0204081632653061,0,NA,NA,NA,NA
NA,NA,NA,NA,0,0,0.0204081632653061,0.0434782608695652,NA,NA,NA,NA
NA,NA,NA,NA,0,0,0,0,NA,NA,NA,NA
NA,NA,NA,NA,0,0,0.0204081632653061,0,NA,NA,NA,NA
NA,NA,NA,NA,0,0,0.0204081632653061,0,NA,NA,NA,NA
NA,NA,NA,NA,0,0,0,0.0869565217391304,NA,NA,NA,NA
NA,NA,NA,NA,0,0,0,0.173913043478261,NA,NA,NA,NA
NA,NA,NA,NA,0,0,0.0306122448979592,0,NA,NA,NA,NA
NA,NA,NA,NA,0,0,0.0510204081632653,0,NA,NA,NA,NA
NA,NA,NA,NA,0,0,0,0,NA,NA,NA,NA
NA,NA,NA,NA,0,0,0,0.0434782608695652,NA,NA,NA,NA
NA,NA,NA,NA,0,0,0,0,NA,NA,NA,NA
NA,NA,NA,NA,0,0,0,0,NA,NA,NA,NA
NA,NA,NA,NA,0,0,0.0204081632653061,0,NA,NA,NA,NA
NA,NA,NA,NA,0,0,0,0,NA,NA,NA,NA
NA,NA,NA,NA,0,0,0,0,NA,NA,NA,NA
NA,NA,NA,NA,0,0,0.0408163265306122,0,NA,NA,NA,NA
NA,NA,NA,NA,0,0,0.0102040816326531,0,NA,NA,NA,NA
NA,NA,NA,NA,0,0,0.0102040816326531,0,NA,NA,NA,NA
NA,NA,NA,NA,0,0,0,0.0869565217391304,NA,NA,NA,NA
NA,NA,NA,NA,0,0,0,0,NA,NA,NA,NA
NA,NA,NA,NA,0,0,0,0,NA,NA,NA,NA
NA,NA,NA,NA,0,0,0,0,NA,NA,NA,NA
NA,NA,NA,NA,0,0,0.0102040816326531,0,NA,NA,NA,NA
NA,NA,NA,NA,0,0,0,0.0869565217391304,NA,NA,NA,NA
NA,NA,NA,NA,0,0,0,0,NA,NA,NA,NA
NA,NA,NA,NA,0,0,0,0,NA,NA,NA,NA
NA,NA,NA,NA,0,0,0,0.130434782608696,NA,NA,NA,NA
NA,NA,NA,NA,0,0,0,0,NA,NA,NA,NA
NA,NA,NA,NA,0,0,0.0408163265306122,0.0434782608695652,NA,NA,NA,NA
NA,NA,NA,NA,0,0,0,0,NA,NA,NA,NA
NA,NA,NA,NA,0,0,0,0,NA,NA,NA,NA
NA,NA,NA,NA,0,0,0,0,NA,NA,NA,NA
NA,NA,NA,NA,0,0,0,0,NA,NA,NA,NA
NA,NA,NA,NA,0,0,0.0408163265306122,0,NA,NA,NA,NA
NA,NA,NA,NA,0,0,0,0,NA,NA,NA,NA
NA,NA,NA,NA,0,0,0,0,NA,NA,NA,NA
NA,NA,NA,NA,0,0,0,0,NA,NA,NA,NA
NA,NA,NA,NA,0,0,0,0,NA,NA,NA,NA
NA,NA,NA,NA,0,0,0,0,NA,NA,NA,NA
NA,NA,NA,NA,0,0,0,0,NA,NA,NA,NA
NA,NA,NA,NA,0,0.0612244897959184,0.0204081632653061,0.434782608695652,NA,NA,NA,NA
NA,NA,NA,NA,0,0,0,0,NA,NA,NA,NA
NA,NA,NA,NA,0,0,0.0408163265306122,0,NA,NA,NA,NA
NA,NA,NA,NA,0,0,0,0,NA,NA,NA,NA
NA,NA,NA,NA,0,0,0,0.130434782608696,NA,NA,NA,NA
NA,NA,NA,NA,0,0,0.0306122448979592,0.0869565217391304,NA,NA,NA,NA
NA,NA,NA,NA,0,0,0,0,NA,NA,NA,NA
NA,NA,NA,NA,0,0,0,0,NA,NA,NA,NA
NA,NA,NA,NA,0,0,0,0,NA,NA,NA,NA
NA,NA,NA,NA,0,0,0,0,NA,NA,NA,NA
NA,NA,NA,NA,0,0,0,0,NA,NA,NA,NA
NA,NA,NA,NA,0,0,0.0612244897959184,0,NA,NA,NA,NA
NA,NA,NA,NA,0,0,0,0,NA,NA,NA,NA
NA,NA,NA,NA,0,0,0,0.130434782608696,NA,NA,NA,NA
NA,NA,NA,NA,0,0,0,0.0434782608695652,NA,NA,NA,NA
NA,NA,NA,NA,0,0,0.0204081632653061,0.0869565217391304,NA,NA,NA,NA
NA,NA,NA,NA,0,0,0,0,NA,NA,NA,NA
NA,NA,NA,NA,0,0,0,0,NA,NA,NA,NA
NA,NA,NA,NA,0,0,0.0816326530612245,0,NA,NA,NA,NA
NA,NA,NA,NA,0,0.0612244897959184,0,0,NA,NA,NA,NA
NA,NA,NA,NA,0,0,0,0,NA,NA,NA,NA
NA,NA,NA,NA,0,0,0.0102040816326531,0,NA,NA,NA,NA
NA,NA,NA,NA,0,0,0,0,NA,NA,NA,NA
NA,NA,NA,NA,0,0.0408163265306122,0.0306122448979592,0,NA,NA,NA,NA
NA,NA,NA,NA,0,0,0,0.0434782608695652,NA,NA,NA,NA
NA,NA,NA,NA,0,0,0.0102040816326531,0.0869565217391304,NA,NA,NA,NA
NA,NA,NA,NA,0,0,0,0,NA,NA,NA,NA
NA,NA,NA,NA,0,0,0.0408163265306122,0.0434782608695652,NA,NA,NA,NA
NA,NA,NA,NA,0,0,0,0,NA,NA,NA,NA
NA,NA,NA,NA,0,0,0,0,NA,NA,NA,NA
NA,NA,NA,NA,0,0,0.0102040816326531,0,NA,NA,NA,NA
NA,NA,NA,NA,0,0,0,0,NA,NA,NA,NA
NA,NA,NA,NA,0,0,0,0,NA,NA,NA,NA
NA,NA,NA,NA,0,0.0204081632653061,0.0306122448979592,0,NA,NA,NA,NA
NA,NA,NA,NA,0,0,0.0408163265306122,0,NA,NA,NA,NA
NA,NA,NA,NA,0,0,0,0.0869565217391304,NA,NA,NA,NA
NA,NA,NA,NA,0,0,0.0102040816326531,0,NA,NA,NA,NA
NA,NA,NA,NA,0,0,0,0,NA,NA,NA,NA
NA,NA,NA,NA,0,0,0,0,NA,NA,NA,NA
NA,NA,NA,NA,0,0,0.0408163265306122,0,NA,NA,NA,NA
NA,NA,NA,NA,0,0,0.0204081632653061,0.130434782608696,NA,NA,NA,NA
NA,NA,NA,NA,0,0,0,0,NA,NA,NA,NA
NA,NA,NA,NA,0,0,0,0.0869565217391304,NA,NA,NA,NA
NA,NA,NA,NA,0,0,0,0,NA,NA,NA,NA
NA,NA,NA,NA,0,0.0408163265306122,0.0306122448979592,0,NA,NA,NA,NA
NA,NA,NA,NA,0,0,0,0.0434782608695652,NA,NA,NA,NA
NA,NA,NA,NA,0,0,0,0,NA,NA,NA,NA
NA,NA,NA,NA,0,0,0,0,NA,NA,NA,NA
NA,NA,NA,NA,0,0.0408163265306122,0.0204081632653061,0.0869565217391304,NA,NA,NA,NA
NA,NA,NA,NA,0,0,0,0,NA,NA,NA,NA
NA,NA,NA,NA,0,0,0,0.217391304347826,NA,NA,NA,NA
NA,NA,NA,NA,0,0,0,0,NA,NA,NA,NA
NA,NA,NA,NA,0,0,0,0,NA,NA,NA,NA
NA,NA,NA,NA,0,0,0,0.0869565217391304,NA,NA,NA,NA
NA,NA,NA,NA,0,0,0.0306122448979592,0,NA,NA,NA,NA
NA,NA,NA,NA,0,0,0,0,NA,NA,NA,NA
NA,NA,NA,NA,0,0,0,0,NA,NA,NA,NA
NA,NA,NA,NA,0,0,0,0,NA,NA,NA,NA
NA,NA,NA,NA,0,0,0.0204081632653061,0,NA,NA,NA,NA
NA,NA,NA,NA,0,0.0204081632653061,0,0,NA,NA,NA,NA
NA,NA,NA,NA,0,0,0.0306122448979592,0.173913043478261,NA,NA,NA,NA
NA,NA,NA,NA,0,0,0.0612244897959184,0.0434782608695652,NA,NA,NA,NA
NA,NA,NA,NA,0,0,0.0102040816326531,0,NA,NA,NA,NA
NA,NA,NA,NA,0,0,0,0.0434782608695652,NA,NA,NA,NA
NA,NA,NA,NA,0,0,0.0306122448979592,0,NA,NA,NA,NA
NA,NA,NA,NA,0,0,0,0.347826086956522,NA,NA,NA,NA
NA,NA,NA,NA,0,0,0,0,NA,NA,NA,NA
NA,NA,NA,NA,0,0,0,0,NA,NA,NA,NA
NA,NA,NA,NA,0,0,0,0,NA,NA,NA,NA
NA,NA,NA,NA,0,0.0204081632653061,0.0510204081632653,0,NA,NA,NA,NA
NA,NA,NA,NA,0,0,0,0,NA,NA,NA,NA
NA,NA,NA,NA,0,0,0,0,NA,NA,NA,NA
NA,NA,NA,NA,0,0.0408163265306122,0.0204081632653061,0,NA,NA,NA,NA
NA,NA,NA,NA,0,0,0,0,NA,NA,NA,NA
NA,NA,NA,NA,0,0,0,0,NA,NA,NA,NA
NA,NA,NA,NA,0,0,0,0,NA,NA,NA,NA
NA,NA,NA,NA,0,0,0,0,NA,NA,NA,NA
NA,NA,NA,NA,0,0,0,0.0434782608695652,NA,NA,NA,NA
NA,NA,NA,NA,0,0,0.0612244897959184,0.130434782608696,NA,NA,NA,NA
NA,NA,NA,NA,0,0,0,0,NA,NA,NA,NA
NA,NA,NA,NA,0,0,0,0,NA,NA,NA,NA
NA,NA,NA,NA,0,0,0,0,NA,NA,NA,NA
NA,NA,NA,NA,0,0,0,0,NA,NA,NA,NA
NA,NA,NA,NA,0,0,0.0306122448979592,0.0869565217391304,NA,NA,NA,NA
NA,NA,NA,NA,0,0,0,0,NA,NA,NA,NA
NA,NA,NA,NA,0,0,0,0,NA,NA,NA,NA
NA,NA,NA,NA,0,0,0,0,NA,NA,NA,NA
NA,NA,NA,NA,0,0,0,0,NA,NA,NA,NA
NA,NA,NA,NA,0,0,0.0306122448979592,0,NA,NA,NA,NA
NA,NA,NA,NA,0,0,0.0306122448979592,0,NA,NA,NA,NA
NA,NA,NA,NA,0,0,0.0918367346938776,0,NA,NA,NA,NA
NA,NA,NA,NA,0,0,0.0102040816326531,0,NA,NA,NA,NA
NA,NA,NA,NA,0,0,0,0,NA,NA,NA,NA
NA,NA,NA,NA,0,0,0.0102040816326531,0,NA,NA,NA,NA
NA,NA,NA,NA,0,0,0.0306122448979592,0,NA,NA,NA,NA
NA,NA,NA,NA,0,0,0,0,NA,NA,NA,NA
NA,NA,NA,NA,0,0,0,0,NA,NA,NA,NA
NA,NA,NA,NA,0,0,0,0.0434782608695652,NA,NA,NA,NA
NA,NA,NA,NA,0,0,0.0204081632653061,0,NA,NA,NA,NA
NA,NA,NA,NA,0,0,0,0,NA,NA,NA,NA
NA,NA,NA,NA,0,0,0,0,NA,NA,NA,NA
NA,NA,NA,NA,0,0,0,0.0434782608695652,NA,NA,NA,NA
NA,NA,NA,NA,0,0,0,0,NA,NA,NA,NA
NA,NA,NA,NA,0,0,0,0,NA,NA,NA,NA
NA,NA,NA,NA,0,0,0.0408163265306122,0,NA,NA,NA,NA
NA,NA,NA,NA,0,0,0.0102040816326531,0,NA,NA,NA,NA
NA,NA,NA,NA,0,0,0,0,NA,NA,NA,NA
NA,NA,NA,NA,0,0,0,0.130434782608696,NA,NA,NA,NA
NA,NA,NA,NA,0,0,0.0204081632653061,0,NA,NA,NA,NA
NA,NA,NA,NA,0,0,0,0,NA,NA,NA,NA
NA,NA,NA,NA,0,0.0408163265306122,0.0204081632653061,0,NA,NA,NA,NA
NA,NA,NA,NA,0,0,0,0,NA,NA,NA,NA
NA,NA,NA,NA,0,0,0.0102040816326531,0.130434782608696,NA,NA,NA,NA
NA,NA,NA,NA,0,0,0.0306122448979592,0,NA,NA,NA,NA
NA,NA,NA,NA,0,0,0.0204081632653061,0,NA,NA,NA,NA
NA,NA,NA,NA,0,0,0.0204081632653061,0,NA,NA,NA,NA
NA,NA,NA,NA,0,0,0,0,NA,NA,NA,NA
NA,NA,NA,NA,0,0,0.0102040816326531,0.130434782608696,NA,NA,NA,NA
NA,NA,NA,NA,0,0.0612244897959184,0.0102040816326531,0,NA,NA,NA,NA
NA,NA,NA,NA,0,0,0,0,NA,NA,NA,NA
NA,NA,NA,NA,0,0,0,0,NA,NA,NA,NA
NA,NA,NA,NA,0,0,0.0102040816326531,0.0434782608695652,NA,NA,NA,NA
NA,NA,NA,NA,0,0,0,0,NA,NA,NA,NA
NA,NA,NA,NA,0,0,0,0,NA,NA,NA,NA
NA,NA,NA,NA,0,0,0.0102040816326531,0,NA,NA,NA,NA
NA,NA,NA,NA,0,0,0,0,NA,NA,NA,NA
NA,NA,NA,NA,0,0,0.0102040816326531,0,NA,NA,NA,NA
NA,NA,NA,NA,0,0,0.0306122448979592,0,NA,NA,NA,NA
NA,NA,NA,NA,0,0,0.0204081632653061,0,NA,NA,NA,NA
NA,NA,NA,NA,0,0,0,0.260869565217391,NA,NA,NA,NA
NA,NA,NA,NA,0,0,0,0,NA,NA,NA,NA
NA,NA,NA,NA,0,0,0.0102040816326531,0.0434782608695652,NA,NA,NA,NA
NA,NA,NA,NA,0,0,0,0,NA,NA,NA,NA
NA,NA,NA,NA,0,0,0.0306122448979592,0,NA,NA,NA,NA
NA,NA,NA,NA,0,0,0,0,NA,NA,NA,NA
NA,NA,NA,NA,0,0,0,0,NA,NA,NA,NA
NA,NA,NA,NA,0,0,0,0,NA,NA,NA,NA
NA,NA,NA,NA,0,0,0.0408163265306122,0,NA,NA,NA,NA
NA,NA,NA,NA,0,0,0.0102040816326531,0,NA,NA,NA,NA
NA,NA,NA,NA,0,0,0,0,NA,NA,NA,NA
NA,NA,NA,NA,0,0,0.0306122448979592,0.130434782608696,NA,NA,NA,NA
NA,NA,NA,NA,0,0,0.0510204081632653,0.0869565217391304,NA,NA,NA,NA
NA,NA,NA,NA,0,0,0.0204081632653061,0,NA,NA,NA,NA
NA,NA,NA,NA,0,0,0,0,NA,NA,NA,NA
NA,NA,NA,NA,0,0,0,0,NA,NA,NA,NA
NA,NA,NA,NA,0,0,0,0,NA,NA,NA,NA
NA,NA,NA,NA,0,0,0,0,NA,NA,NA,NA
NA,NA,NA,NA,0,0.0408163265306122,0.0204081632653061,0,NA,NA,NA,NA
NA,NA,NA,NA,0,0,0.0102040816326531,0,NA,NA,NA,NA
NA,NA,NA,NA,0,0,0,0.0869565217391304,NA,NA,NA,NA
NA,NA,NA,NA,0,0,0,0,NA,NA,NA,NA
NA,NA,NA,NA,0,0,0,0,NA,NA,NA,NA
NA,NA,NA,NA,0,0,0,0,NA,NA,NA,NA
NA,NA,NA,NA,0,0,0.0306122448979592,0,NA,NA,NA,NA
NA,NA,NA,NA,0,0,0.0102040816326531,0,NA,NA,NA,NA
NA,NA,NA,NA,0,0,0,0,NA,NA,NA,NA
NA,NA,NA,NA,0,0,0.0102040816326531,0.173913043478261,NA,NA,NA,NA
NA,NA,NA,NA,0,0,0,0,NA,NA,NA,NA
NA,NA,NA,NA,0,0,0,0,NA,NA,NA,NA
NA,NA,NA,NA,0,0,0,0.478260869565217,NA,NA,NA,NA
NA,NA,NA,NA,0,0,0,0,NA,NA,NA,NA
NA,NA,NA,NA,0,0,0.0306122448979592,0,NA,NA,NA,NA
NA,NA,NA,NA,0,0,0,0.173913043478261,NA,NA,NA,NA
NA,NA,NA,NA,0,0,0.0306122448979592,0.0869565217391304,NA,NA,NA,NA
NA,NA,NA,NA,0,0,0,0,NA,NA,NA,NA
NA,NA,NA,NA,0,0,0.0510204081632653,0.0434782608695652,NA,NA,NA,NA
NA,NA,NA,NA,0,0,0,0,NA,NA,NA,NA
NA,NA,NA,NA,0,0,0.0102040816326531,0,NA,NA,NA,NA
NA,NA,NA,NA,0,0,0,0,NA,NA,NA,NA
NA,NA,NA,NA,0,0,0,0,NA,NA,NA,NA
NA,NA,NA,NA,0,0,0,0,NA,NA,NA,NA
NA,NA,NA,NA,0,0.0408163265306122,0.0102040816326531,0,NA,NA,NA,NA
NA,NA,NA,NA,0,0,0.0102040816326531,0.0869565217391304,NA,NA,NA,NA
NA,NA,NA,NA,0,0,0.0102040816326531,0.130434782608696,NA,NA,NA,NA
NA,NA,NA,NA,0,0,0,0,NA,NA,NA,NA
NA,NA,NA,NA,0,0.102040816326531,0.0204081632653061,0,NA,NA,NA,NA
NA,NA,NA,NA,0,0,0,0.0434782608695652,NA,NA,NA,NA
NA,NA,NA,NA,0,0,0.0816326530612245,0,NA,NA,NA,NA
NA,NA,NA,NA,0,0,0.0204081632653061,0,NA,NA,NA,NA
NA,NA,NA,NA,0,0,0,0,NA,NA,NA,NA
NA,NA,NA,NA,0,0,0,0,NA,NA,NA,NA
NA,NA,NA,NA,0,0,0,0,NA,NA,NA,NA
NA,NA,NA,NA,0,0,0,0,NA,NA,NA,NA
NA,NA,NA,NA,0,0,0,0.0434782608695652,NA,NA,NA,NA
NA,NA,NA,NA,0,0,0.0102040816326531,0,NA,NA,NA,NA
NA,NA,NA,NA,0,0,0,0,NA,NA,NA,NA
NA,NA,NA,NA,0,0,0.0204081632653061,0.130434782608696,NA,NA,NA,NA
NA,NA,NA,NA,0,0,0.0102040816326531,0,NA,NA,NA,NA
NA,NA,NA,NA,0,0,0.0102040816326531,0,NA,NA,NA,NA
NA,NA,NA,NA,0,0,0,0,NA,NA,NA,NA
NA,NA,NA,NA,0,0,0.0408163265306122,0,NA,NA,NA,NA
NA,NA,NA,NA,0,0,0,0,NA,NA,NA,NA
NA,NA,NA,NA,0,0,0,0,NA,NA,NA,NA
NA,NA,NA,NA,0,0,0,0,NA,NA,NA,NA
NA,NA,NA,NA,0,0,0,0,NA,NA,NA,NA
NA,NA,NA,NA,0,0,0.0102040816326531,0,NA,NA,NA,NA
NA,NA,NA,NA,0,0,0,0.0869565217391304,NA,NA,NA,NA
NA,NA,NA,NA,0,0,0,0,NA,NA,NA,NA
NA,NA,NA,NA,0,0,0,0,NA,NA,NA,NA
NA,NA,NA,NA,0,0,0,0.0434782608695652,NA,NA,NA,NA
NA,NA,NA,NA,0,0,0,0,NA,NA,NA,NA
NA,NA,NA,NA,0,0,0,0,NA,NA,NA,NA
NA,NA,NA,NA,0,0,0,0,NA,NA,NA,NA
NA,NA,NA,NA,0,0,0,0,NA,NA,NA,NA
NA,NA,NA,NA,0,0,0,0,NA,NA,NA,NA
NA,NA,NA,NA,0,0,0.0102040816326531,0,NA,NA,NA,NA
NA,NA,NA,NA,0,0,0,0,NA,NA,NA,NA
NA,NA,NA,NA,0,0,0,0,NA,NA,NA,NA
NA,NA,NA,NA,0,0,0,0,NA,NA,NA,NA
NA,NA,NA,NA,0,0,0,0,NA,NA,NA,NA
NA,NA,NA,NA,0,0,0,0,NA,NA,NA,NA
NA,NA,NA,NA,0,0,0.0102040816326531,0,NA,NA,NA,NA
NA,NA,NA,NA,0,0,0,0,NA,NA,NA,NA
NA,NA,NA,NA,0,0,0,0,NA,NA,NA,NA
NA,NA,NA,NA,0,0,0,0.173913043478261,NA,NA,NA,NA
NA,NA,NA,NA,0,0,0,0,NA,NA,NA,NA
NA,NA,NA,NA,0,0,0,0,NA,NA,NA,NA
NA,NA,NA,NA,0,0,0,0,NA,NA,NA,NA
NA,NA,NA,NA,0,0,0.0102040816326531,0.217391304347826,NA,NA,NA,NA
NA,NA,NA,NA,0,0,0,0,NA,NA,NA,NA
NA,NA,NA,NA,0,0,0,0,NA,NA,NA,NA
NA,NA,NA,NA,0,0,0.0204081632653061,0,NA,NA,NA,NA
NA,NA,NA,NA,0,0,0,0.0434782608695652,NA,NA,NA,NA
NA,NA,NA,NA,0,0,0,0,NA,NA,NA,NA
NA,NA,NA,NA,0,0,0,0,NA,NA,NA,NA
NA,NA,NA,NA,0,0,0,0,NA,NA,NA,NA
NA,NA,NA,NA,0,0.0204081632653061,0.0306122448979592,0.217391304347826,NA,NA,NA,NA
NA,NA,NA,NA,0,0,0,0.0869565217391304,NA,NA,NA,NA
NA,NA,NA,NA,0,0,0,0,NA,NA,NA,NA
NA,NA,NA,NA,0,0,0,0,NA,NA,NA,NA
NA,NA,NA,NA,0,0,0.0408163265306122,0.0869565217391304,NA,NA,NA,NA
NA,NA,NA,NA,0,0,0,0,NA,NA,NA,NA
NA,NA,NA,NA,0,0,0.0102040816326531,0.130434782608696,NA,NA,NA,NA
NA,NA,NA,NA,0,0,0.0102040816326531,0.0869565217391304,NA,NA,NA,NA
NA,NA,NA,NA,0,0,0,0,NA,NA,NA,NA
NA,NA,NA,NA,0,0,0.0102040816326531,0,NA,NA,NA,NA
NA,NA,NA,NA,0,0,0,0,NA,NA,NA,NA
NA,NA,NA,NA,0,0,0,0,NA,NA,NA,NA
NA,NA,NA,NA,0,0,0.0102040816326531,0,NA,NA,NA,NA
NA,NA,NA,NA,0,0,0.0102040816326531,0,NA,NA,NA,NA
NA,NA,NA,NA,0,0,0,0,NA,NA,NA,NA
NA,NA,NA,NA,0,0,0.0306122448979592,0,NA,NA,NA,NA
NA,NA,NA,NA,0,0,0,0,NA,NA,NA,NA
NA,NA,NA,NA,0,0,0,0,NA,NA,NA,NA
NA,NA,NA,NA,0,0,0,0,NA,NA,NA,NA
NA,NA,NA,NA,0,0,0.0102040816326531,0,NA,NA,NA,NA
NA,NA,NA,NA,0,0,0.0102040816326531,0.0869565217391304,NA,NA,NA,NA
NA,NA,NA,NA,0,0,0,0,NA,NA,NA,NA
NA,NA,NA,NA,0,0,0,0,NA,NA,NA,NA
NA,NA,NA,NA,0,0.102040816326531,0,0.130434782608696,NA,NA,NA,NA
NA,NA,NA,NA,0,0,0,0.0869565217391304,NA,NA,NA,NA
NA,NA,NA,NA,0,0.0612244897959184,0.0102040816326531,0.0434782608695652,NA,NA,NA,NA
NA,NA,NA,NA,0,0,0,0.0434782608695652,NA,NA,NA,NA
NA,NA,NA,NA,0,0.0204081632653061,0,0.0869565217391304,NA,NA,NA,NA
NA,NA,NA,NA,0,0,0,0,NA,NA,NA,NA
NA,NA,NA,NA,0,0.0816326530612245,0.0204081632653061,0,NA,NA,NA,NA
NA,NA,NA,NA,0,0,0,0,NA,NA,NA,NA
NA,NA,NA,NA,0,0,0,0.0869565217391304,NA,NA,NA,NA
NA,NA,NA,NA,0,0,0,0,NA,NA,NA,NA
NA,NA,NA,NA,0,0,0,0,NA,NA,NA,NA
NA,NA,NA,NA,0,0,0,0,NA,NA,NA,NA
NA,NA,NA,NA,0,0,0,0,NA,NA,NA,NA
NA,NA,NA,NA,0,0,0.0102040816326531,0,NA,NA,NA,NA
NA,NA,NA,NA,0,0,0.0306122448979592,0,NA,NA,NA,NA
NA,NA,NA,NA,0,0,0.0408163265306122,0.304347826086957,NA,NA,NA,NA
NA,NA,NA,NA,0,0,0,0,NA,NA,NA,NA
NA,NA,NA,NA,0,0,0,0,NA,NA,NA,NA
NA,NA,NA,NA,0,0,0,0.0869565217391304,NA,NA,NA,NA
NA,NA,NA,NA,0,0,0,0,NA,NA,NA,NA
NA,NA,NA,NA,0,0,0.0204081632653061,0,NA,NA,NA,NA
NA,NA,NA,NA,0,0.0816326530612245,0.0102040816326531,0,NA,NA,NA,NA
NA,NA,NA,NA,0,0,0,0,NA,NA,NA,NA
NA,NA,NA,NA,0,0,0,0,NA,NA,NA,NA
NA,NA,NA,NA,0,0,0,0,NA,NA,NA,NA
NA,NA,NA,NA,0,0.0204081632653061,0.0510204081632653,0,NA,NA,NA,NA
NA,NA,NA,NA,0,0,0,0,NA,NA,NA,NA
NA,NA,NA,NA,0,0.0816326530612245,0.102040816326531,0,NA,NA,NA,NA
NA,NA,NA,NA,0,0,0.0102040816326531,0,NA,NA,NA,NA
NA,NA,NA,NA,0,0,0,0.0434782608695652,NA,NA,NA,NA
NA,NA,NA,NA,0,0,0.0510204081632653,0.130434782608696,NA,NA,NA,NA
NA,NA,NA,NA,0,0,0,0,NA,NA,NA,NA
NA,NA,NA,NA,0,0,0.0102040816326531,0,NA,NA,NA,NA
NA,NA,NA,NA,0,0,0,0,NA,NA,NA,NA
NA,NA,NA,NA,0,0,0.0102040816326531,0,NA,NA,NA,NA
NA,NA,NA,NA,0,0,0.0306122448979592,0,NA,NA,NA,NA
NA,NA,NA,NA,0,0,0,0,NA,NA,NA,NA
NA,NA,NA,NA,0,0.0408163265306122,0.0204081632653061,0,NA,NA,NA,NA
NA,NA,NA,NA,0,0,0,0,NA,NA,NA,NA
NA,NA,NA,NA,0,0,0,0,NA,NA,NA,NA
NA,NA,NA,NA,0,0.0204081632653061,0,0,NA,NA,NA,NA
NA,NA,NA,NA,0,0,0.0204081632653061,0.0434782608695652,NA,NA,NA,NA
NA,NA,NA,NA,0,0.0816326530612245,0.0408163265306122,0,NA,NA,NA,NA
NA,NA,NA,NA,0,0.0408163265306122,0.0204081632653061,0,NA,NA,NA,NA
NA,NA,NA,NA,0,0.0408163265306122,0.0510204081632653,0,NA,NA,NA,NA
NA,NA,NA,NA,0,0,0.0408163265306122,0,NA,NA,NA,NA
NA,NA,NA,NA,0,0.0816326530612245,0,0,NA,NA,NA,NA
NA,NA,NA,NA,0,0,0.0408163265306122,0,NA,NA,NA,NA
NA,NA,NA,NA,0,0.0204081632653061,0,0,NA,NA,NA,NA
NA,NA,NA,NA,0,0,0,0,NA,NA,NA,NA
NA,NA,NA,NA,0,0,0,0,NA,NA,NA,NA
NA,NA,NA,NA,0,0,0,0,NA,NA,NA,NA
NA,NA,NA,NA,0,0,0,0,NA,NA,NA,NA
NA,NA,NA,NA,0,0,0,0.0434782608695652,NA,NA,NA,NA
NA,NA,NA,NA,0,0,0,0.347826086956522,NA,NA,NA,NA
NA,NA,NA,NA,0,0,0,0,NA,NA,NA,NA
NA,NA,NA,NA,0,0,0,0,NA,NA,NA,NA
NA,NA,NA,NA,0,0,0,0,NA,NA,NA,NA
NA,NA,NA,NA,0,0,0.0102040816326531,0,NA,NA,NA,NA
NA,NA,NA,NA,0,0,0.0102040816326531,0.260869565217391,NA,NA,NA,NA
NA,NA,NA,NA,0,0,0.0306122448979592,0,NA,NA,NA,NA
NA,NA,NA,NA,0,0,0.0102040816326531,0,NA,NA,NA,NA
NA,NA,NA,NA,0,0,0,0,NA,NA,NA,NA
NA,NA,NA,NA,0,0,0.0102040816326531,0,NA,NA,NA,NA
NA,NA,NA,NA,0,0,0,0.130434782608696,NA,NA,NA,NA
NA,NA,NA,NA,0,0,0,0,NA,NA,NA,NA
NA,NA,NA,NA,0,0,0,0,NA,NA,NA,NA
NA,NA,NA,NA,0,0,0.0102040816326531,0,NA,NA,NA,NA
NA,NA,NA,NA,0,0,0.0102040816326531,0,NA,NA,NA,NA
NA,NA,NA,NA,0,0,0,0,NA,NA,NA,NA
NA,NA,NA,NA,0,0,0,0,NA,NA,NA,NA
NA,NA,NA,NA,0,0,0,0,NA,NA,NA,NA
NA,NA,NA,NA,0,0,0,0,NA,NA,NA,NA
NA,NA,NA,NA,0,0,0,0,NA,NA,NA,NA
NA,NA,NA,NA,0,0,0,0.130434782608696,NA,NA,NA,NA
NA,NA,NA,NA,0,0,0.0306122448979592,0,NA,NA,NA,NA
NA,NA,NA,NA,0,0,0,0,NA,NA,NA,NA
NA,NA,NA,NA,0,0.0612244897959184,0,0,NA,NA,NA,NA
NA,NA,NA,NA,0,0,0.0204081632653061,0,NA,NA,NA,NA
NA,NA,NA,NA,0,0,0.0306122448979592,0,NA,NA,NA,NA
NA,NA,NA,NA,0,0,0.0408163265306122,0,NA,NA,NA,NA
NA,NA,NA,NA,0,0,0.0408163265306122,0.0434782608695652,NA,NA,NA,NA
NA,NA,NA,NA,0,0,0,0.0869565217391304,NA,NA,NA,NA
NA,NA,NA,NA,0,0,0,0,NA,NA,NA,NA
NA,NA,NA,NA,0,0,0.0102040816326531,0,NA,NA,NA,NA
NA,NA,NA,NA,0,0,0,0,NA,NA,NA,NA
NA,NA,NA,NA,0,0,0,0.173913043478261,NA,NA,NA,NA
NA,NA,NA,NA,0,0,0.0102040816326531,0,NA,NA,NA,NA
NA,NA,NA,NA,0,0,0,0.0869565217391304,NA,NA,NA,NA
NA,NA,NA,NA,0,0,0.0204081632653061,0,NA,NA,NA,NA
NA,NA,NA,NA,0,0,0.0102040816326531,0,NA,NA,NA,NA
NA,NA,NA,NA,0,0,0,0,NA,NA,NA,NA
NA,NA,NA,NA,0,0,0,0.0434782608695652,NA,NA,NA,NA
NA,NA,NA,NA,0,0,0,0,NA,NA,NA,NA
NA,NA,NA,NA,0,0,0,0,NA,NA,NA,NA
NA,NA,NA,NA,0,0,0,0,NA,NA,NA,NA
NA,NA,NA,NA,0,0,0,0,NA,NA,NA,NA
NA,NA,NA,NA,0,0,0.0102040816326531,0,NA,NA,NA,NA
NA,NA,NA,NA,0,0,0,0,NA,NA,NA,NA
NA,NA,NA,NA,0,0,0,0,NA,NA,NA,NA
NA,NA,NA,NA,0,0,0,0,NA,NA,NA,NA
NA,NA,NA,NA,0,0,0,0,NA,NA,NA,NA
NA,NA,NA,NA,0,0,0,0,NA,NA,NA,NA
NA,NA,NA,NA,0,0,0,0,NA,NA,NA,NA
NA,NA,NA,NA,0,0,0,0,NA,NA,NA,NA
NA,NA,NA,NA,0,0,0,0,NA,NA,NA,NA
NA,NA,NA,NA,0,0,0,0,NA,NA,NA,NA
NA,NA,NA,NA,0,0,0,0,NA,NA,NA,NA
NA,NA,NA,NA,0,0,0.0204081632653061,0.130434782608696,NA,NA,NA,NA
NA,NA,NA,NA,0,0,0.0102040816326531,0,NA,NA,NA,NA
NA,NA,NA,NA,0,0,0,0,NA,NA,NA,NA
NA,NA,NA,NA,0,0,0,0.130434782608696,NA,NA,NA,NA
NA,NA,NA,NA,0,0,0,0,NA,NA,NA,NA
NA,NA,NA,NA,0,0,0,0,NA,NA,NA,NA
NA,NA,NA,NA,0,0,0.0204081632653061,0.0434782608695652,NA,NA,NA,NA
NA,NA,NA,NA,0,0,0.0612244897959184,0.130434782608696,NA,NA,NA,NA
NA,NA,NA,NA,0,0,0.0408163265306122,0,NA,NA,NA,NA
NA,NA,NA,NA,0,0,0,0,NA,NA,NA,NA
NA,NA,NA,NA,0,0,0.0102040816326531,0,NA,NA,NA,NA
NA,NA,NA,NA,0,0,0,0,NA,NA,NA,NA
NA,NA,NA,NA,0,0,0,0,NA,NA,NA,NA
NA,NA,NA,NA,0,0,0,0,NA,NA,NA,NA
NA,NA,NA,NA,0,0,0,0,NA,NA,NA,NA
NA,NA,NA,NA,0,0,0,0,NA,NA,NA,NA
NA,NA,NA,NA,0,0,0,0,NA,NA,NA,NA
NA,NA,NA,NA,0,0,0,0,NA,NA,NA,NA
NA,NA,NA,NA,0,0,0.0102040816326531,0,NA,NA,NA,NA
NA,NA,NA,NA,0,0,0,0,NA,NA,NA,NA
NA,NA,NA,NA,0,0,0.0102040816326531,0.217391304347826,NA,NA,NA,NA
NA,NA,NA,NA,0,0,0.0306122448979592,0,NA,NA,NA,NA
NA,NA,NA,NA,0,0,0.0204081632653061,0,NA,NA,NA,NA
NA,NA,NA,NA,0,0,0.0306122448979592,0,NA,NA,NA,NA
NA,NA,NA,NA,0,0,0,0,NA,NA,NA,NA
NA,NA,NA,NA,0,0,0,0,NA,NA,NA,NA
NA,NA,NA,NA,0,0.102040816326531,0.0306122448979592,0.260869565217391,NA,NA,NA,NA
NA,NA,NA,NA,0,0,0,0,NA,NA,NA,NA
NA,NA,NA,NA,0,0,0.0102040816326531,0.130434782608696,NA,NA,NA,NA
NA,NA,NA,NA,0,0,0,0,NA,NA,NA,NA
NA,NA,NA,NA,0,0,0.0306122448979592,0,NA,NA,NA,NA
NA,NA,NA,NA,0,0,0,0,NA,NA,NA,NA
NA,NA,NA,NA,0,0.0204081632653061,0,0,NA,NA,NA,NA
NA,NA,NA,NA,0,0,0.0102040816326531,0.260869565217391,NA,NA,NA,NA
NA,NA,NA,NA,0,0,0,0,NA,NA,NA,NA
NA,NA,NA,NA,0,0,0,0,NA,NA,NA,NA
NA,NA,NA,NA,0,0.0408163265306122,0,0,NA,NA,NA,NA
NA,NA,NA,NA,0,0,0,0,NA,NA,NA,NA
NA,NA,NA,NA,0,0,0,0,NA,NA,NA,NA
NA,NA,NA,NA,0,0,0.0306122448979592,0,NA,NA,NA,NA
NA,NA,NA,NA,0,0,0,0,NA,NA,NA,NA
NA,NA,NA,NA,0,0,0.0510204081632653,0,NA,NA,NA,NA
NA,NA,NA,NA,0,0,0.0102040816326531,0,NA,NA,NA,NA
NA,NA,NA,NA,0,0,0,0,NA,NA,NA,NA
NA,NA,NA,NA,0,0,0,0,NA,NA,NA,NA
NA,NA,NA,NA,0,0,0.0204081632653061,0,NA,NA,NA,NA
NA,NA,NA,NA,0,0,0,0,NA,NA,NA,NA
NA,NA,NA,NA,0,0,0,0,NA,NA,NA,NA
NA,NA,NA,NA,0,0,0.0102040816326531,0.217391304347826,NA,NA,NA,NA
NA,NA,NA,NA,0,0,0,0.0434782608695652,NA,NA,NA,NA
NA,NA,NA,NA,0,0,0,0.304347826086957,NA,NA,NA,NA
NA,NA,NA,NA,0,0,0,0,NA,NA,NA,NA
NA,NA,NA,NA,0,0,0,0,NA,NA,NA,NA
NA,NA,NA,NA,0,0,0,0,NA,NA,NA,NA
NA,NA,NA,NA,0,0,0.0102040816326531,0,NA,NA,NA,NA
