"Jan","Feb","Mar","Apr","May","Jun","Jul","Aug","Sep","Oct","Nov","Dec"
NA,NA,NA,NA,NA,NA,0,0,0.00925925925925926,0,0,NA
NA,NA,NA,NA,NA,NA,0,0,0,0,0,NA
NA,NA,NA,NA,NA,NA,0,0,0.037037037037037,0,0,NA
NA,NA,NA,NA,NA,NA,0,0,0.0185185185185185,0,0,NA
NA,NA,NA,NA,NA,NA,0,0,0,0,0,NA
NA,NA,NA,NA,NA,NA,0,0,0,0,0,NA
NA,NA,NA,NA,NA,NA,0,0,0.00925925925925926,0.00819672131147541,0,NA
NA,NA,NA,NA,NA,NA,0,0,0.00925925925925926,0,0,NA
NA,NA,NA,NA,NA,NA,0,0,0,0,0,NA
NA,NA,NA,NA,NA,NA,0,0,0.0462962962962963,0.00819672131147541,0,NA
NA,NA,NA,NA,NA,NA,0,0,0,0.0163934426229508,0,NA
NA,NA,NA,NA,NA,NA,0,0,0.00925925925925926,0,0,NA
NA,NA,NA,NA,NA,NA,0,0,0.0185185185185185,0,0,NA
NA,NA,NA,NA,NA,NA,0,0,0.00925925925925926,0,0,NA
NA,NA,NA,NA,NA,NA,0,0,0,0,0,NA
NA,NA,NA,NA,NA,NA,0,0,0.0462962962962963,0,0,NA
NA,NA,NA,NA,NA,NA,0,0,0,0,0,NA
NA,NA,NA,NA,NA,NA,0,0,0,0,0,NA
NA,NA,NA,NA,NA,NA,0,0,0,0,0,NA
NA,NA,NA,NA,NA,NA,0,0,0,0,0,NA
NA,NA,NA,NA,NA,NA,0,0,0,0,0,NA
NA,NA,NA,NA,NA,NA,0,0,0,0.040983606557377,0.0114942528735632,NA
NA,NA,NA,NA,NA,NA,0,0,0,0,0,NA
NA,NA,NA,NA,NA,NA,0,0,0.0462962962962963,0,0,NA
NA,NA,NA,NA,NA,NA,0,0,0.00925925925925926,0,0,NA
NA,NA,NA,NA,NA,NA,0,0,0,0,0,NA
NA,NA,NA,NA,NA,NA,0,0,0,0,0,NA
NA,NA,NA,NA,NA,NA,0,0,0,0.00819672131147541,0,NA
NA,NA,NA,NA,NA,NA,0,0,0,0,0,NA
NA,NA,NA,NA,NA,NA,0,0,0.037037037037037,0,0,NA
NA,NA,NA,NA,NA,NA,0,0,0.00925925925925926,0,0,NA
NA,NA,NA,NA,NA,NA,0,0,0,0,0,NA
NA,NA,NA,NA,NA,NA,0,0,0,0,0,NA
NA,NA,NA,NA,NA,NA,0,0,0,0,0,NA
NA,NA,NA,NA,NA,NA,0,0,0.00925925925925926,0.0163934426229508,0,NA
NA,NA,NA,NA,NA,NA,0,0,0,0,0.0229885057471264,NA
NA,NA,NA,NA,NA,NA,0,0,0,0.0327868852459016,0,NA
NA,NA,NA,NA,NA,NA,0,0,0.0185185185185185,0,0,NA
NA,NA,NA,NA,NA,NA,0,0,0,0.0163934426229508,0,NA
NA,NA,NA,NA,NA,NA,0,0,0,0,0,NA
NA,NA,NA,NA,NA,NA,0,0,0,0,0,NA
NA,NA,NA,NA,NA,NA,0,0,0,0,0,NA
NA,NA,NA,NA,NA,NA,0,0,0,0.0327868852459016,0,NA
NA,NA,NA,NA,NA,NA,0,0,0,0.00819672131147541,0,NA
NA,NA,NA,NA,NA,NA,0,0,0,0.00819672131147541,0,NA
NA,NA,NA,NA,NA,NA,0,0,0,0,0,NA
NA,NA,NA,NA,NA,NA,0,0,0,0,0,NA
NA,NA,NA,NA,NA,NA,0,0,0,0,0,NA
NA,NA,NA,NA,NA,NA,0,0,0,0,0,NA
NA,NA,NA,NA,NA,NA,0,0,0,0,0,NA
NA,NA,NA,NA,NA,NA,0,0,0,0,0,NA
NA,NA,NA,NA,NA,NA,0,0,0,0,0.0229885057471264,NA
NA,NA,NA,NA,NA,NA,0,0,0,0.0327868852459016,0,NA
NA,NA,NA,NA,NA,NA,0,0,0,0.0163934426229508,0,NA
NA,NA,NA,NA,NA,NA,0,0,0,0,0,NA
NA,NA,NA,NA,NA,NA,0,0,0,0,0,NA
NA,NA,NA,NA,NA,NA,0,0,0,0.0327868852459016,0,NA
NA,NA,NA,NA,NA,NA,0,0,0,0,0,NA
NA,NA,NA,NA,NA,NA,0,0,0,0,0,NA
NA,NA,NA,NA,NA,NA,0,0,0,0,0,NA
NA,NA,NA,NA,NA,NA,0,0,0,0,0,NA
NA,NA,NA,NA,NA,NA,0,0,0,0,0,NA
NA,NA,NA,NA,NA,NA,0,0,0.00925925925925926,0,0,NA
NA,NA,NA,NA,NA,NA,0,0,0.0277777777777778,0.0163934426229508,0,NA
NA,NA,NA,NA,NA,NA,0,0,0,0,0.0229885057471264,NA
NA,NA,NA,NA,NA,NA,0,0,0.00925925925925926,0,0,NA
NA,NA,NA,NA,NA,NA,0,0,0.00925925925925926,0.00819672131147541,0,NA
NA,NA,NA,NA,NA,NA,0,0,0,0,0,NA
NA,NA,NA,NA,NA,NA,0,0,0,0.0573770491803279,0,NA
NA,NA,NA,NA,NA,NA,0,0,0,0,0.0114942528735632,NA
NA,NA,NA,NA,NA,NA,0,0,0,0,0,NA
NA,NA,NA,NA,NA,NA,0,0,0,0,0,NA
NA,NA,NA,NA,NA,NA,0,0,0,0.00819672131147541,0,NA
NA,NA,NA,NA,NA,NA,0,0,0,0,0,NA
NA,NA,NA,NA,NA,NA,0,0,0,0,0,NA
NA,NA,NA,NA,NA,NA,0,0,0,0,0,NA
NA,NA,NA,NA,NA,NA,0,0,0,0,0,NA
NA,NA,NA,NA,NA,NA,0,0,0,0.0327868852459016,0,NA
NA,NA,NA,NA,NA,NA,0,0,0,0,0,NA
NA,NA,NA,NA,NA,NA,0,0,0.00925925925925926,0,0,NA
NA,NA,NA,NA,NA,NA,0,0,0,0,0,NA
NA,NA,NA,NA,NA,NA,0,0,0.00925925925925926,0,0,NA
NA,NA,NA,NA,NA,NA,0,0,0,0.00819672131147541,0,NA
NA,NA,NA,NA,NA,NA,0,0,0,0,0,NA
NA,NA,NA,NA,NA,NA,0,0,0,0,0,NA
NA,NA,NA,NA,NA,NA,0,0,0,0,0,NA
NA,NA,NA,NA,NA,NA,0,0.00735294117647059,0.0185185185185185,0,0,NA
NA,NA,NA,NA,NA,NA,0,0,0,0,0,NA
NA,NA,NA,NA,NA,NA,0,0,0,0,0.0114942528735632,NA
NA,NA,NA,NA,NA,NA,0,0,0,0.00819672131147541,0,NA
NA,NA,NA,NA,NA,NA,0,0,0,0,0,NA
NA,NA,NA,NA,NA,NA,0,0,0,0,0,NA
NA,NA,NA,NA,NA,NA,0,0,0,0,0.0229885057471264,NA
NA,NA,NA,NA,NA,NA,0,0,0,0,0,NA
NA,NA,NA,NA,NA,NA,0,0,0,0,0,NA
NA,NA,NA,NA,NA,NA,0,0,0,0,0,NA
NA,NA,NA,NA,NA,NA,0,0,0,0,0,NA
NA,NA,NA,NA,NA,NA,0,0,0,0.00819672131147541,0,NA
NA,NA,NA,NA,NA,NA,0,0,0,0,0.0344827586206897,NA
NA,NA,NA,NA,NA,NA,0,0,0,0,0,NA
NA,NA,NA,NA,NA,NA,0,0,0,0,0,NA
NA,NA,NA,NA,NA,NA,0,0,0,0.040983606557377,0,NA
NA,NA,NA,NA,NA,NA,0,0,0,0,0,NA
NA,NA,NA,NA,NA,NA,0,0,0,0,0,NA
NA,NA,NA,NA,NA,NA,0,0,0,0.0737704918032787,0,NA
NA,NA,NA,NA,NA,NA,0,0,0,0,0,NA
NA,NA,NA,NA,NA,NA,0,0,0,0,0,NA
NA,NA,NA,NA,NA,NA,0,0,0,0,0,NA
NA,NA,NA,NA,NA,NA,0,0,0,0.0245901639344262,0,NA
NA,NA,NA,NA,NA,NA,0,0,0,0,0,NA
NA,NA,NA,NA,NA,NA,0,0,0,0.00819672131147541,0,NA
NA,NA,NA,NA,NA,NA,0,0,0,0,0,NA
NA,NA,NA,NA,NA,NA,0,0,0,0,0,NA
NA,NA,NA,NA,NA,NA,0,0,0,0,0,NA
NA,NA,NA,NA,NA,NA,0,0,0,0,0.0229885057471264,NA
NA,NA,NA,NA,NA,NA,0,0,0.0185185185185185,0,0.0459770114942529,NA
NA,NA,NA,NA,NA,NA,0,0,0,0,0,NA
NA,NA,NA,NA,NA,NA,0,0,0,0,0,NA
NA,NA,NA,NA,NA,NA,0,0,0,0,0,NA
NA,NA,NA,NA,NA,NA,0,0,0,0,0,NA
NA,NA,NA,NA,NA,NA,0,0,0,0,0,NA
NA,NA,NA,NA,NA,NA,0,0,0,0,0,NA
NA,NA,NA,NA,NA,NA,0,0,0,0,0.0574712643678161,NA
NA,NA,NA,NA,NA,NA,0,0,0,0.0327868852459016,0,NA
NA,NA,NA,NA,NA,NA,0,0,0,0,0,NA
NA,NA,NA,NA,NA,NA,0,0,0,0,0,NA
NA,NA,NA,NA,NA,NA,0,0,0,0,0,NA
NA,NA,NA,NA,NA,NA,0,0,0,0,0,NA
NA,NA,NA,NA,NA,NA,0,0,0.0277777777777778,0.040983606557377,0,NA
NA,NA,NA,NA,NA,NA,0,0,0,0,0,NA
NA,NA,NA,NA,NA,NA,0,0,0,0,0,NA
NA,NA,NA,NA,NA,NA,0,0,0,0,0,NA
NA,NA,NA,NA,NA,NA,0,0,0,0,0,NA
NA,NA,NA,NA,NA,NA,0,0.0294117647058824,0,0.00819672131147541,0,NA
NA,NA,NA,NA,NA,NA,0,0,0,0.00819672131147541,0.0574712643678161,NA
NA,NA,NA,NA,NA,NA,0,0,0,0,0,NA
NA,NA,NA,NA,NA,NA,0,0.00735294117647059,0,0.0163934426229508,0,NA
NA,NA,NA,NA,NA,NA,0,0,0.0277777777777778,0,0,NA
NA,NA,NA,NA,NA,NA,0,0,0,0,0,NA
NA,NA,NA,NA,NA,NA,0,0,0.0185185185185185,0,0.0229885057471264,NA
NA,NA,NA,NA,NA,NA,0,0,0,0.0245901639344262,0,NA
NA,NA,NA,NA,NA,NA,0,0,0,0.0245901639344262,0,NA
NA,NA,NA,NA,NA,NA,0,0,0.0185185185185185,0,0.0114942528735632,NA
NA,NA,NA,NA,NA,NA,0,0,0,0,0,NA
NA,NA,NA,NA,NA,NA,0,0,0,0,0,NA
NA,NA,NA,NA,NA,NA,0,0,0,0,0,NA
NA,NA,NA,NA,NA,NA,0,0,0.00925925925925926,0,0,NA
NA,NA,NA,NA,NA,NA,0,0,0,0,0.0229885057471264,NA
NA,NA,NA,NA,NA,NA,0,0,0,0,0,NA
NA,NA,NA,NA,NA,NA,0,0,0,0,0,NA
NA,NA,NA,NA,NA,NA,0,0,0.00925925925925926,0,0.0114942528735632,NA
NA,NA,NA,NA,NA,NA,0,0,0,0,0,NA
NA,NA,NA,NA,NA,NA,0,0.0147058823529412,0,0,0,NA
NA,NA,NA,NA,NA,NA,0,0,0,0,0,NA
NA,NA,NA,NA,NA,NA,0,0,0,0.00819672131147541,0,NA
NA,NA,NA,NA,NA,NA,0,0,0.0185185185185185,0,0,NA
NA,NA,NA,NA,NA,NA,0,0,0,0.040983606557377,0,NA
NA,NA,NA,NA,NA,NA,0,0,0.00925925925925926,0.00819672131147541,0,NA
NA,NA,NA,NA,NA,NA,0,0,0,0,0,NA
NA,NA,NA,NA,NA,NA,0,0,0,0,0,NA
NA,NA,NA,NA,NA,NA,0,0,0,0,0,NA
NA,NA,NA,NA,NA,NA,0,0,0,0,0,NA
NA,NA,NA,NA,NA,NA,0,0,0,0,0,NA
NA,NA,NA,NA,NA,NA,0,0,0.00925925925925926,0,0,NA
NA,NA,NA,NA,NA,NA,0,0,0,0,0.0344827586206897,NA
NA,NA,NA,NA,NA,NA,0,0,0,0,0,NA
NA,NA,NA,NA,NA,NA,0,0,0,0,0,NA
NA,NA,NA,NA,NA,NA,0,0,0.00925925925925926,0.0163934426229508,0,NA
NA,NA,NA,NA,NA,NA,0,0,0.0185185185185185,0,0,NA
NA,NA,NA,NA,NA,NA,0,0,0,0.00819672131147541,0,NA
NA,NA,NA,NA,NA,NA,0,0,0.0462962962962963,0,0,NA
NA,NA,NA,NA,NA,NA,0,0,0,0,0,NA
NA,NA,NA,NA,NA,NA,0,0,0,0,0,NA
NA,NA,NA,NA,NA,NA,0,0,0,0,0,NA
NA,NA,NA,NA,NA,NA,0,0,0,0,0,NA
NA,NA,NA,NA,NA,NA,0,0,0,0,0,NA
NA,NA,NA,NA,NA,NA,0,0,0,0,0,NA
NA,NA,NA,NA,NA,NA,0,0,0,0.00819672131147541,0.0229885057471264,NA
NA,NA,NA,NA,NA,NA,0,0,0,0,0,NA
NA,NA,NA,NA,NA,NA,0,0,0,0.0163934426229508,0,NA
NA,NA,NA,NA,NA,NA,0,0,0,0,0,NA
NA,NA,NA,NA,NA,NA,0,0,0,0,0,NA
NA,NA,NA,NA,NA,NA,0,0,0.037037037037037,0,0,NA
NA,NA,NA,NA,NA,NA,0,0,0,0,0,NA
NA,NA,NA,NA,NA,NA,0,0,0,0.0245901639344262,0,NA
NA,NA,NA,NA,NA,NA,0,0,0,0,0.0459770114942529,NA
NA,NA,NA,NA,NA,NA,0,0,0,0.0245901639344262,0,NA
NA,NA,NA,NA,NA,NA,0,0.00735294117647059,0.00925925925925926,0,0,NA
NA,NA,NA,NA,NA,NA,0,0,0,0,0,NA
NA,NA,NA,NA,NA,NA,0,0,0,0,0,NA
NA,NA,NA,NA,NA,NA,0,0,0,0,0,NA
NA,NA,NA,NA,NA,NA,0,0,0,0,0,NA
NA,NA,NA,NA,NA,NA,0,0,0,0,0.0114942528735632,NA
NA,NA,NA,NA,NA,NA,0,0,0,0,0,NA
NA,NA,NA,NA,NA,NA,0,0,0,0.00819672131147541,0,NA
NA,NA,NA,NA,NA,NA,0,0,0,0,0,NA
NA,NA,NA,NA,NA,NA,0,0,0,0,0,NA
NA,NA,NA,NA,NA,NA,0,0,0,0.0573770491803279,0,NA
NA,NA,NA,NA,NA,NA,0,0,0,0,0,NA
NA,NA,NA,NA,NA,NA,0,0.00735294117647059,0,0,0.0459770114942529,NA
NA,NA,NA,NA,NA,NA,0,0,0,0,0,NA
NA,NA,NA,NA,NA,NA,0,0,0,0,0,NA
NA,NA,NA,NA,NA,NA,0,0,0,0,0,NA
NA,NA,NA,NA,NA,NA,0,0,0.0185185185185185,0,0,NA
NA,NA,NA,NA,NA,NA,0,0,0,0,0,NA
NA,NA,NA,NA,NA,NA,0,0,0,0,0,NA
NA,NA,NA,NA,NA,NA,0,0.0294117647058824,0,0,0.0689655172413793,NA
NA,NA,NA,NA,NA,NA,0,0,0,0,0,NA
NA,NA,NA,NA,NA,NA,0,0,0.00925925925925926,0,0,NA
NA,NA,NA,NA,NA,NA,0,0,0,0,0,NA
NA,NA,NA,NA,NA,NA,0,0,0,0,0,NA
NA,NA,NA,NA,NA,NA,0,0,0.0185185185185185,0.00819672131147541,0,NA
NA,NA,NA,NA,NA,NA,0,0,0,0,0.0114942528735632,NA
NA,NA,NA,NA,NA,NA,0,0,0.00925925925925926,0,0,NA
NA,NA,NA,NA,NA,NA,0,0,0,0,0,NA
NA,NA,NA,NA,NA,NA,0,0,0.0462962962962963,0.0163934426229508,0.0114942528735632,NA
NA,NA,NA,NA,NA,NA,0,0,0,0.00819672131147541,0,NA
NA,NA,NA,NA,NA,NA,0,0,0,0,0,NA
NA,NA,NA,NA,NA,NA,0,0,0.00925925925925926,0,0,NA
NA,NA,NA,NA,NA,NA,0,0,0,0.0163934426229508,0,NA
NA,NA,NA,NA,NA,NA,0,0,0.0185185185185185,0.0327868852459016,0,NA
NA,NA,NA,NA,NA,NA,0,0,0,0,0,NA
NA,NA,NA,NA,NA,NA,0,0,0,0,0,NA
NA,NA,NA,NA,NA,NA,0,0,0,0,0,NA
NA,NA,NA,NA,NA,NA,0,0,0,0,0,NA
NA,NA,NA,NA,NA,NA,0,0,0.00925925925925926,0.040983606557377,0,NA
NA,NA,NA,NA,NA,NA,0,0,0,0.00819672131147541,0,NA
NA,NA,NA,NA,NA,NA,0,0,0,0,0,NA
NA,NA,NA,NA,NA,NA,0,0,0.0185185185185185,0,0,NA
NA,NA,NA,NA,NA,NA,0,0,0,0,0,NA
NA,NA,NA,NA,NA,NA,0,0,0.0277777777777778,0.00819672131147541,0,NA
NA,NA,NA,NA,NA,NA,0,0,0,0,0,NA
NA,NA,NA,NA,NA,NA,0,0,0.0277777777777778,0,0,NA
NA,NA,NA,NA,NA,NA,0,0,0,0,0,NA
NA,NA,NA,NA,NA,NA,0,0,0,0,0,NA
NA,NA,NA,NA,NA,NA,0,0,0,0,0,NA
NA,NA,NA,NA,NA,NA,0,0,0,0.0163934426229508,0.0229885057471264,NA
NA,NA,NA,NA,NA,NA,0,0,0.0462962962962963,0,0,NA
NA,NA,NA,NA,NA,NA,0,0,0.00925925925925926,0,0,NA
NA,NA,NA,NA,NA,NA,0,0,0,0,0.0344827586206897,NA
NA,NA,NA,NA,NA,NA,0,0,0,0,0,NA
NA,NA,NA,NA,NA,NA,0,0,0,0,0,NA
NA,NA,NA,NA,NA,NA,0,0,0.00925925925925926,0,0,NA
NA,NA,NA,NA,NA,NA,0,0,0,0,0,NA
NA,NA,NA,NA,NA,NA,0,0,0.0185185185185185,0,0,NA
NA,NA,NA,NA,NA,NA,0,0,0,0,0,NA
NA,NA,NA,NA,NA,NA,0,0,0,0,0,NA
NA,NA,NA,NA,NA,NA,0,0,0,0,0,NA
NA,NA,NA,NA,NA,NA,0,0,0,0,0,NA
NA,NA,NA,NA,NA,NA,0,0,0,0,0,NA
NA,NA,NA,NA,NA,NA,0,0,0,0.0163934426229508,0,NA
NA,NA,NA,NA,NA,NA,0,0,0,0,0,NA
NA,NA,NA,NA,NA,NA,0,0,0,0,0,NA
NA,NA,NA,NA,NA,NA,0,0,0,0,0,NA
NA,NA,NA,NA,NA,NA,0,0,0,0,0,NA
NA,NA,NA,NA,NA,NA,0,0,0,0,0,NA
NA,NA,NA,NA,NA,NA,0,0,0,0,0,NA
NA,NA,NA,NA,NA,NA,0,0,0,0,0,NA
NA,NA,NA,NA,NA,NA,0,0,0,0.00819672131147541,0,NA
NA,NA,NA,NA,NA,NA,0,0,0,0,0.0114942528735632,NA
NA,NA,NA,NA,NA,NA,0,0,0,0,0,NA
NA,NA,NA,NA,NA,NA,0,0,0,0,0,NA
NA,NA,NA,NA,NA,NA,0,0,0,0,0,NA
NA,NA,NA,NA,NA,NA,0,0,0,0.040983606557377,0,NA
NA,NA,NA,NA,NA,NA,0,0.00735294117647059,0.037037037037037,0,0,NA
NA,NA,NA,NA,NA,NA,0,0,0,0,0,NA
NA,NA,NA,NA,NA,NA,0,0,0,0.040983606557377,0,NA
NA,NA,NA,NA,NA,NA,0,0,0,0,0,NA
NA,NA,NA,NA,NA,NA,0,0,0,0,0,NA
NA,NA,NA,NA,NA,NA,0,0,0,0.0819672131147541,0.0804597701149425,NA
NA,NA,NA,NA,NA,NA,0,0,0,0,0,NA
NA,NA,NA,NA,NA,NA,0,0,0.0277777777777778,0.0655737704918033,0.0114942528735632,NA
NA,NA,NA,NA,NA,NA,0,0,0,0,0,NA
NA,NA,NA,NA,NA,NA,0,0,0,0,0,NA
NA,NA,NA,NA,NA,NA,0,0,0,0,0,NA
NA,NA,NA,NA,NA,NA,0,0,0,0,0,NA
NA,NA,NA,NA,NA,NA,0,0,0.00925925925925926,0,0,NA
NA,NA,NA,NA,NA,NA,0,0,0,0,0,NA
NA,NA,NA,NA,NA,NA,0,0,0,0.00819672131147541,0,NA
NA,NA,NA,NA,NA,NA,0,0,0,0,0,NA
NA,NA,NA,NA,NA,NA,0,0,0,0,0,NA
NA,NA,NA,NA,NA,NA,0,0,0,0.0163934426229508,0,NA
NA,NA,NA,NA,NA,NA,0,0,0,0,0,NA
NA,NA,NA,NA,NA,NA,0,0,0,0,0,NA
NA,NA,NA,NA,NA,NA,0,0,0,0,0,NA
NA,NA,NA,NA,NA,NA,0,0,0,0,0,NA
NA,NA,NA,NA,NA,NA,0,0,0,0,0,NA
NA,NA,NA,NA,NA,NA,0,0,0,0.00819672131147541,0.0229885057471264,NA
NA,NA,NA,NA,NA,NA,0,0,0,0,0.0229885057471264,NA
NA,NA,NA,NA,NA,NA,0,0,0,0,0,NA
NA,NA,NA,NA,NA,NA,0,0,0,0.0327868852459016,0,NA
NA,NA,NA,NA,NA,NA,0,0,0.0185185185185185,0,0.0574712643678161,NA
NA,NA,NA,NA,NA,NA,0,0,0,0,0,NA
NA,NA,NA,NA,NA,NA,0,0,0,0,0.0344827586206897,NA
NA,NA,NA,NA,NA,NA,0,0,0,0.00819672131147541,0,NA
NA,NA,NA,NA,NA,NA,0,0,0.00925925925925926,0,0,NA
NA,NA,NA,NA,NA,NA,0,0,0.00925925925925926,0,0.0459770114942529,NA
NA,NA,NA,NA,NA,NA,0,0.0147058823529412,0.0185185185185185,0,0.0344827586206897,NA
NA,NA,NA,NA,NA,NA,0,0,0.00925925925925926,0.00819672131147541,0,NA
NA,NA,NA,NA,NA,NA,0,0,0.00925925925925926,0,0,NA
NA,NA,NA,NA,NA,NA,0,0,0.00925925925925926,0,0,NA
NA,NA,NA,NA,NA,NA,0,0,0,0,0,NA
NA,NA,NA,NA,NA,NA,0,0,0.0277777777777778,0.0491803278688525,0,NA
NA,NA,NA,NA,NA,NA,0,0,0.0277777777777778,0,0,NA
NA,NA,NA,NA,NA,NA,0,0,0,0,0,NA
NA,NA,NA,NA,NA,NA,0,0,0,0,0,NA
NA,NA,NA,NA,NA,NA,0,0,0,0,0,NA
NA,NA,NA,NA,NA,NA,0,0,0.0277777777777778,0,0,NA
NA,NA,NA,NA,NA,NA,0,0,0,0,0,NA
NA,NA,NA,NA,NA,NA,0,0,0,0,0,NA
NA,NA,NA,NA,NA,NA,0,0,0,0,0,NA
NA,NA,NA,NA,NA,NA,0,0,0,0,0,NA
NA,NA,NA,NA,NA,NA,0,0,0,0,0,NA
NA,NA,NA,NA,NA,NA,0,0,0,0,0,NA
NA,NA,NA,NA,NA,NA,0,0,0,0,0,NA
NA,NA,NA,NA,NA,NA,0,0,0,0,0,NA
NA,NA,NA,NA,NA,NA,0,0,0,0.0327868852459016,0,NA
NA,NA,NA,NA,NA,NA,0,0,0,0,0,NA
NA,NA,NA,NA,NA,NA,0,0,0,0,0.0114942528735632,NA
NA,NA,NA,NA,NA,NA,0,0,0,0,0,NA
NA,NA,NA,NA,NA,NA,0,0,0,0.040983606557377,0,NA
NA,NA,NA,NA,NA,NA,0,0,0.0185185185185185,0,0,NA
NA,NA,NA,NA,NA,NA,0,0,0,0,0,NA
NA,NA,NA,NA,NA,NA,0,0,0,0,0,NA
NA,NA,NA,NA,NA,NA,0,0,0,0,0,NA
NA,NA,NA,NA,NA,NA,0,0,0,0,0,NA
NA,NA,NA,NA,NA,NA,0,0,0,0,0,NA
NA,NA,NA,NA,NA,NA,0,0,0,0,0,NA
NA,NA,NA,NA,NA,NA,0,0,0,0,0,NA
NA,NA,NA,NA,NA,NA,0,0,0,0,0,NA
NA,NA,NA,NA,NA,NA,0,0,0,0,0,NA
NA,NA,NA,NA,NA,NA,0,0,0,0,0,NA
NA,NA,NA,NA,NA,NA,0,0,0,0,0,NA
NA,NA,NA,NA,NA,NA,0,0,0,0,0,NA
NA,NA,NA,NA,NA,NA,0,0,0,0,0,NA
NA,NA,NA,NA,NA,NA,0,0,0,0,0,NA
NA,NA,NA,NA,NA,NA,0,0,0,0,0,NA
NA,NA,NA,NA,NA,NA,0,0,0,0,0,NA
NA,NA,NA,NA,NA,NA,0,0,0,0,0,NA
NA,NA,NA,NA,NA,NA,0,0,0,0.00819672131147541,0,NA
NA,NA,NA,NA,NA,NA,0,0,0,0,0,NA
NA,NA,NA,NA,NA,NA,0,0,0,0,0,NA
NA,NA,NA,NA,NA,NA,0,0,0.0185185185185185,0,0,NA
NA,NA,NA,NA,NA,NA,0,0,0,0,0,NA
NA,NA,NA,NA,NA,NA,0,0,0,0,0,NA
NA,NA,NA,NA,NA,NA,0,0,0,0.0163934426229508,0,NA
NA,NA,NA,NA,NA,NA,0,0,0,0.00819672131147541,0,NA
NA,NA,NA,NA,NA,NA,0,0,0,0,0,NA
NA,NA,NA,NA,NA,NA,0,0,0,0,0,NA
NA,NA,NA,NA,NA,NA,0,0,0,0,0,NA
NA,NA,NA,NA,NA,NA,0,0,0,0.0163934426229508,0,NA
NA,NA,NA,NA,NA,NA,0,0,0,0,0,NA
NA,NA,NA,NA,NA,NA,0,0,0,0,0,NA
NA,NA,NA,NA,NA,NA,0,0,0,0,0,NA
NA,NA,NA,NA,NA,NA,0,0,0,0,0,NA
NA,NA,NA,NA,NA,NA,0,0,0,0,0,NA
NA,NA,NA,NA,NA,NA,0,0,0,0,0.0114942528735632,NA
NA,NA,NA,NA,NA,NA,0,0.0147058823529412,0,0,0,NA
NA,NA,NA,NA,NA,NA,0,0,0,0,0,NA
NA,NA,NA,NA,NA,NA,0,0,0,0,0,NA
NA,NA,NA,NA,NA,NA,0,0,0,0,0,NA
NA,NA,NA,NA,NA,NA,0,0,0,0,0,NA
NA,NA,NA,NA,NA,NA,0,0,0,0,0,NA
NA,NA,NA,NA,NA,NA,0,0,0,0,0,NA
NA,NA,NA,NA,NA,NA,0,0,0,0.00819672131147541,0,NA
NA,NA,NA,NA,NA,NA,0,0,0,0.0163934426229508,0,NA
NA,NA,NA,NA,NA,NA,0,0,0,0,0,NA
NA,NA,NA,NA,NA,NA,0,0,0,0,0,NA
NA,NA,NA,NA,NA,NA,0,0,0,0,0,NA
NA,NA,NA,NA,NA,NA,0,0,0.00925925925925926,0,0,NA
NA,NA,NA,NA,NA,NA,0,0,0,0,0,NA
NA,NA,NA,NA,NA,NA,0,0,0,0.00819672131147541,0,NA
NA,NA,NA,NA,NA,NA,0,0,0,0,0,NA
NA,NA,NA,NA,NA,NA,0,0,0,0,0,NA
NA,NA,NA,NA,NA,NA,0,0,0,0,0.0114942528735632,NA
NA,NA,NA,NA,NA,NA,0,0,0,0,0,NA
NA,NA,NA,NA,NA,NA,0,0,0,0,0,NA
NA,NA,NA,NA,NA,NA,0,0,0,0,0,NA
NA,NA,NA,NA,NA,NA,0,0,0.0277777777777778,0,0,NA
NA,NA,NA,NA,NA,NA,0,0,0,0,0,NA
NA,NA,NA,NA,NA,NA,0,0,0,0,0,NA
NA,NA,NA,NA,NA,NA,0,0,0,0,0.0229885057471264,NA
NA,NA,NA,NA,NA,NA,0,0,0.00925925925925926,0,0,NA
NA,NA,NA,NA,NA,NA,0,0,0,0,0,NA
NA,NA,NA,NA,NA,NA,0,0,0,0,0.0114942528735632,NA
NA,NA,NA,NA,NA,NA,0,0,0,0,0,NA
NA,NA,NA,NA,NA,NA,0,0,0,0,0,NA
NA,NA,NA,NA,NA,NA,0,0,0,0,0,NA
NA,NA,NA,NA,NA,NA,0,0,0,0,0,NA
NA,NA,NA,NA,NA,NA,0,0,0,0,0.0114942528735632,NA
NA,NA,NA,NA,NA,NA,0,0,0,0,0,NA
NA,NA,NA,NA,NA,NA,0,0,0.00925925925925926,0,0.0114942528735632,NA
NA,NA,NA,NA,NA,NA,0,0,0,0.0163934426229508,0,NA
NA,NA,NA,NA,NA,NA,0,0,0,0,0,NA
NA,NA,NA,NA,NA,NA,0,0,0,0,0,NA
NA,NA,NA,NA,NA,NA,0,0,0,0,0,NA
NA,NA,NA,NA,NA,NA,0,0,0,0,0,NA
NA,NA,NA,NA,NA,NA,0,0,0.0277777777777778,0,0,NA
NA,NA,NA,NA,NA,NA,0,0,0.0277777777777778,0,0.0114942528735632,NA
NA,NA,NA,NA,NA,NA,0,0,0,0,0,NA
NA,NA,NA,NA,NA,NA,0,0,0,0,0,NA
NA,NA,NA,NA,NA,NA,0,0,0,0,0,NA
NA,NA,NA,NA,NA,NA,0,0,0,0,0.0229885057471264,NA
NA,NA,NA,NA,NA,NA,0,0,0,0,0,NA
NA,NA,NA,NA,NA,NA,0,0,0,0,0,NA
NA,NA,NA,NA,NA,NA,0,0,0,0,0,NA
NA,NA,NA,NA,NA,NA,0,0,0,0,0.0229885057471264,NA
NA,NA,NA,NA,NA,NA,0,0,0,0,0.0229885057471264,NA
NA,NA,NA,NA,NA,NA,0,0,0,0,0,NA
NA,NA,NA,NA,NA,NA,0,0,0,0,0,NA
NA,NA,NA,NA,NA,NA,0,0,0,0.0163934426229508,0,NA
NA,NA,NA,NA,NA,NA,0,0,0,0,0,NA
NA,NA,NA,NA,NA,NA,0,0,0,0,0,NA
NA,NA,NA,NA,NA,NA,0,0,0,0,0,NA
NA,NA,NA,NA,NA,NA,0,0,0,0.00819672131147541,0,NA
NA,NA,NA,NA,NA,NA,0,0,0.00925925925925926,0,0,NA
NA,NA,NA,NA,NA,NA,0,0,0,0,0,NA
NA,NA,NA,NA,NA,NA,0,0,0.0462962962962963,0,0,NA
NA,NA,NA,NA,NA,NA,0,0,0,0,0,NA
NA,NA,NA,NA,NA,NA,0,0,0,0,0,NA
NA,NA,NA,NA,NA,NA,0,0,0,0,0.0114942528735632,NA
NA,NA,NA,NA,NA,NA,0,0,0,0.00819672131147541,0,NA
NA,NA,NA,NA,NA,NA,0,0,0.00925925925925926,0,0,NA
NA,NA,NA,NA,NA,NA,0,0,0,0,0,NA
NA,NA,NA,NA,NA,NA,0,0,0,0,0,NA
NA,NA,NA,NA,NA,NA,0,0,0,0,0.0459770114942529,NA
NA,NA,NA,NA,NA,NA,0,0,0,0.0245901639344262,0,NA
NA,NA,NA,NA,NA,NA,0,0.0147058823529412,0.0185185185185185,0,0,NA
NA,NA,NA,NA,NA,NA,0,0,0,0,0,NA
NA,NA,NA,NA,NA,NA,0,0.00735294117647059,0,0,0,NA
NA,NA,NA,NA,NA,NA,0,0,0,0,0,NA
NA,NA,NA,NA,NA,NA,0,0,0,0,0,NA
NA,NA,NA,NA,NA,NA,0,0,0,0,0,NA
NA,NA,NA,NA,NA,NA,0,0,0,0,0,NA
NA,NA,NA,NA,NA,NA,0,0.0147058823529412,0,0,0,NA
NA,NA,NA,NA,NA,NA,0,0,0,0.0245901639344262,0,NA
NA,NA,NA,NA,NA,NA,0,0.00735294117647059,0.0185185185185185,0,0.0114942528735632,NA
NA,NA,NA,NA,NA,NA,0,0,0,0,0,NA
NA,NA,NA,NA,NA,NA,0,0,0,0,0,NA
NA,NA,NA,NA,NA,NA,0,0,0.00925925925925926,0,0,NA
NA,NA,NA,NA,NA,NA,0,0,0,0,0.0114942528735632,NA
NA,NA,NA,NA,NA,NA,0,0,0.00925925925925926,0,0,NA
NA,NA,NA,NA,NA,NA,0,0,0,0,0,NA
NA,NA,NA,NA,NA,NA,0,0,0,0,0,NA
NA,NA,NA,NA,NA,NA,0,0,0,0,0,NA
NA,NA,NA,NA,NA,NA,0,0,0.037037037037037,0,0,NA
NA,NA,NA,NA,NA,NA,0,0,0.0185185185185185,0,0,NA
NA,NA,NA,NA,NA,NA,0,0,0,0,0,NA
NA,NA,NA,NA,NA,NA,0,0,0,0,0,NA
NA,NA,NA,NA,NA,NA,0,0,0.0185185185185185,0,0,NA
NA,NA,NA,NA,NA,NA,0,0.0147058823529412,0,0,0,NA
NA,NA,NA,NA,NA,NA,0,0,0,0,0,NA
NA,NA,NA,NA,NA,NA,0,0,0,0,0,NA
NA,NA,NA,NA,NA,NA,0,0,0,0.0163934426229508,0,NA
NA,NA,NA,NA,NA,NA,0,0,0,0,0,NA
NA,NA,NA,NA,NA,NA,0,0,0,0,0,NA
NA,NA,NA,NA,NA,NA,0,0,0,0,0,NA
NA,NA,NA,NA,NA,NA,0,0,0,0.0163934426229508,0,NA
NA,NA,NA,NA,NA,NA,0,0,0,0.00819672131147541,0.0114942528735632,NA
NA,NA,NA,NA,NA,NA,0,0,0.00925925925925926,0,0,NA
NA,NA,NA,NA,NA,NA,0,0.0588235294117647,0.0277777777777778,0,0,NA
NA,NA,NA,NA,NA,NA,0,0,0,0,0,NA
NA,NA,NA,NA,NA,NA,0,0,0,0,0,NA
NA,NA,NA,NA,NA,NA,0,0,0,0,0,NA
NA,NA,NA,NA,NA,NA,0,0,0,0.00819672131147541,0,NA
NA,NA,NA,NA,NA,NA,0,0.00735294117647059,0,0,0,NA
NA,NA,NA,NA,NA,NA,0,0,0.0462962962962963,0.00819672131147541,0,NA
NA,NA,NA,NA,NA,NA,0,0,0,0,0,NA
NA,NA,NA,NA,NA,NA,0,0,0,0.00819672131147541,0,NA
NA,NA,NA,NA,NA,NA,0,0,0,0,0,NA
NA,NA,NA,NA,NA,NA,0,0,0.00925925925925926,0,0,NA
NA,NA,NA,NA,NA,NA,0,0,0,0,0.0229885057471264,NA
NA,NA,NA,NA,NA,NA,0,0.00735294117647059,0,0,0,NA
NA,NA,NA,NA,NA,NA,0,0,0,0,0,NA
NA,NA,NA,NA,NA,NA,0,0,0,0,0.0229885057471264,NA
NA,NA,NA,NA,NA,NA,0,0,0,0,0,NA
NA,NA,NA,NA,NA,NA,0,0,0,0,0,NA
NA,NA,NA,NA,NA,NA,0,0,0,0,0,NA
NA,NA,NA,NA,NA,NA,0,0,0.0185185185185185,0,0,NA
NA,NA,NA,NA,NA,NA,0,0,0.00925925925925926,0,0,NA
NA,NA,NA,NA,NA,NA,0,0,0,0,0,NA
NA,NA,NA,NA,NA,NA,0,0,0,0,0,NA
NA,NA,NA,NA,NA,NA,0,0,0,0,0,NA
NA,NA,NA,NA,NA,NA,0,0,0,0,0,NA
NA,NA,NA,NA,NA,NA,0,0,0.0462962962962963,0.0163934426229508,0,NA
NA,NA,NA,NA,NA,NA,0,0,0,0.0245901639344262,0,NA
NA,NA,NA,NA,NA,NA,0,0,0,0,0.0229885057471264,NA
NA,NA,NA,NA,NA,NA,0,0,0,0,0,NA
NA,NA,NA,NA,NA,NA,0,0,0,0,0,NA
NA,NA,NA,NA,NA,NA,0,0,0,0,0,NA
NA,NA,NA,NA,NA,NA,0,0,0,0,0,NA
NA,NA,NA,NA,NA,NA,0,0,0,0,0,NA
NA,NA,NA,NA,NA,NA,0,0,0,0,0,NA
NA,NA,NA,NA,NA,NA,0,0,0,0.00819672131147541,0.0229885057471264,NA
NA,NA,NA,NA,NA,NA,0,0,0,0,0.0229885057471264,NA
NA,NA,NA,NA,NA,NA,0,0,0,0.0163934426229508,0,NA
NA,NA,NA,NA,NA,NA,0,0,0.0277777777777778,0.00819672131147541,0,NA
NA,NA,NA,NA,NA,NA,0,0,0,0,0,NA
NA,NA,NA,NA,NA,NA,0,0,0,0.00819672131147541,0,NA
NA,NA,NA,NA,NA,NA,0,0,0.00925925925925926,0,0,NA
NA,NA,NA,NA,NA,NA,0,0,0,0,0,NA
NA,NA,NA,NA,NA,NA,0,0,0.037037037037037,0.00819672131147541,0,NA
NA,NA,NA,NA,NA,NA,0,0,0,0,0,NA
NA,NA,NA,NA,NA,NA,0,0,0,0,0,NA
NA,NA,NA,NA,NA,NA,0,0,0,0,0,NA
NA,NA,NA,NA,NA,NA,0,0,0,0,0,NA
NA,NA,NA,NA,NA,NA,0,0,0.037037037037037,0.0327868852459016,0,NA
NA,NA,NA,NA,NA,NA,0,0,0,0.0327868852459016,0,NA
NA,NA,NA,NA,NA,NA,0,0,0,0,0,NA
NA,NA,NA,NA,NA,NA,0,0,0,0.0163934426229508,0,NA
NA,NA,NA,NA,NA,NA,0,0,0,0.00819672131147541,0,NA
NA,NA,NA,NA,NA,NA,0,0,0,0,0,NA
NA,NA,NA,NA,NA,NA,0,0,0,0,0,NA
NA,NA,NA,NA,NA,NA,0,0,0,0,0,NA
NA,NA,NA,NA,NA,NA,0,0,0,0,0,NA
NA,NA,NA,NA,NA,NA,0,0,0.00925925925925926,0,0,NA
NA,NA,NA,NA,NA,NA,0,0,0,0,0,NA
NA,NA,NA,NA,NA,NA,0,0,0,0,0,NA
NA,NA,NA,NA,NA,NA,0,0,0,0,0,NA
NA,NA,NA,NA,NA,NA,0,0,0.00925925925925926,0,0,NA
NA,NA,NA,NA,NA,NA,0,0,0.0185185185185185,0,0,NA
NA,NA,NA,NA,NA,NA,0,0,0,0,0,NA
NA,NA,NA,NA,NA,NA,0,0,0,0,0,NA
NA,NA,NA,NA,NA,NA,0,0,0.00925925925925926,0,0,NA
NA,NA,NA,NA,NA,NA,0,0,0,0,0,NA
NA,NA,NA,NA,NA,NA,0,0,0,0,0,NA
NA,NA,NA,NA,NA,NA,0,0,0,0,0,NA
NA,NA,NA,NA,NA,NA,0,0,0,0.00819672131147541,0,NA
NA,NA,NA,NA,NA,NA,0,0,0.00925925925925926,0,0,NA
NA,NA,NA,NA,NA,NA,0,0,0,0.0491803278688525,0,NA
NA,NA,NA,NA,NA,NA,0,0,0,0,0,NA
NA,NA,NA,NA,NA,NA,0,0,0,0,0.0229885057471264,NA
NA,NA,NA,NA,NA,NA,0,0,0,0,0,NA
NA,NA,NA,NA,NA,NA,0,0,0,0,0,NA
NA,NA,NA,NA,NA,NA,0,0,0,0,0,NA
NA,NA,NA,NA,NA,NA,0,0,0,0,0,NA
NA,NA,NA,NA,NA,NA,0,0,0,0.0245901639344262,0.0114942528735632,NA
NA,NA,NA,NA,NA,NA,0,0,0,0,0,NA
NA,NA,NA,NA,NA,NA,0,0,0,0,0,NA
NA,NA,NA,NA,NA,NA,0,0,0.0185185185185185,0,0,NA
NA,NA,NA,NA,NA,NA,0,0,0.00925925925925926,0,0,NA
NA,NA,NA,NA,NA,NA,0,0,0,0.00819672131147541,0,NA
NA,NA,NA,NA,NA,NA,0,0,0,0,0,NA
NA,NA,NA,NA,NA,NA,0,0.00735294117647059,0,0,0,NA
NA,NA,NA,NA,NA,NA,0,0.00735294117647059,0,0.0327868852459016,0.0344827586206897,NA
NA,NA,NA,NA,NA,NA,0,0,0,0,0,NA
NA,NA,NA,NA,NA,NA,0,0,0,0,0,NA
NA,NA,NA,NA,NA,NA,0,0,0,0.0163934426229508,0,NA
NA,NA,NA,NA,NA,NA,0,0,0,0.0245901639344262,0,NA
NA,NA,NA,NA,NA,NA,0,0,0,0,0,NA
NA,NA,NA,NA,NA,NA,0,0,0,0,0,NA
NA,NA,NA,NA,NA,NA,0,0,0,0.00819672131147541,0,NA
NA,NA,NA,NA,NA,NA,0,0,0,0.00819672131147541,0,NA
NA,NA,NA,NA,NA,NA,0,0,0,0,0,NA
NA,NA,NA,NA,NA,NA,0,0,0.0185185185185185,0,0,NA
NA,NA,NA,NA,NA,NA,0,0,0.00925925925925926,0,0,NA
NA,NA,NA,NA,NA,NA,0,0,0,0,0,NA
NA,NA,NA,NA,NA,NA,0,0,0.0277777777777778,0.00819672131147541,0,NA
NA,NA,NA,NA,NA,NA,0,0,0.0277777777777778,0,0,NA
NA,NA,NA,NA,NA,NA,0,0,0,0,0,NA
NA,NA,NA,NA,NA,NA,0,0,0,0,0,NA
NA,NA,NA,NA,NA,NA,0,0,0,0,0,NA
NA,NA,NA,NA,NA,NA,0,0,0,0.00819672131147541,0,NA
NA,NA,NA,NA,NA,NA,0,0,0,0,0,NA
NA,NA,NA,NA,NA,NA,0,0,0,0,0,NA
NA,NA,NA,NA,NA,NA,0,0,0,0.0163934426229508,0,NA
NA,NA,NA,NA,NA,NA,0,0,0,0,0,NA
NA,NA,NA,NA,NA,NA,0,0,0,0,0,NA
NA,NA,NA,NA,NA,NA,0,0,0,0,0,NA
NA,NA,NA,NA,NA,NA,0,0,0,0,0,NA
NA,NA,NA,NA,NA,NA,0,0,0,0,0,NA
NA,NA,NA,NA,NA,NA,0,0,0.00925925925925926,0,0,NA
NA,NA,NA,NA,NA,NA,0,0,0,0,0,NA
NA,NA,NA,NA,NA,NA,0,0,0,0,0,NA
NA,NA,NA,NA,NA,NA,0,0,0,0,0,NA
NA,NA,NA,NA,NA,NA,0,0,0.0277777777777778,0.00819672131147541,0,NA
NA,NA,NA,NA,NA,NA,0,0,0,0,0,NA
NA,NA,NA,NA,NA,NA,0,0,0.0185185185185185,0.00819672131147541,0,NA
NA,NA,NA,NA,NA,NA,0,0.0367647058823529,0,0,0,NA
NA,NA,NA,NA,NA,NA,0,0,0,0,0,NA
NA,NA,NA,NA,NA,NA,0,0,0,0,0,NA
NA,NA,NA,NA,NA,NA,0,0.0147058823529412,0,0,0,NA
NA,NA,NA,NA,NA,NA,0,0,0,0,0,NA
NA,NA,NA,NA,NA,NA,0,0,0,0,0,NA
NA,NA,NA,NA,NA,NA,0,0,0,0,0,NA
NA,NA,NA,NA,NA,NA,0,0,0,0,0,NA
NA,NA,NA,NA,NA,NA,0,0,0,0,0,NA
NA,NA,NA,NA,NA,NA,0,0.0220588235294118,0,0,0,NA
NA,NA,NA,NA,NA,NA,0,0,0,0,0,NA
NA,NA,NA,NA,NA,NA,0,0,0.00925925925925926,0,0,NA
NA,NA,NA,NA,NA,NA,0,0,0,0,0.0574712643678161,NA
NA,NA,NA,NA,NA,NA,0,0,0,0,0,NA
NA,NA,NA,NA,NA,NA,0,0,0,0,0,NA
NA,NA,NA,NA,NA,NA,0,0.00735294117647059,0,0,0,NA
NA,NA,NA,NA,NA,NA,0,0,0,0,0,NA
NA,NA,NA,NA,NA,NA,0,0,0,0,0,NA
NA,NA,NA,NA,NA,NA,0,0.00735294117647059,0,0,0,NA
NA,NA,NA,NA,NA,NA,0,0,0.00925925925925926,0,0,NA
NA,NA,NA,NA,NA,NA,0,0,0,0.00819672131147541,0,NA
NA,NA,NA,NA,NA,NA,0,0,0.00925925925925926,0,0,NA
NA,NA,NA,NA,NA,NA,0,0,0,0,0,NA
NA,NA,NA,NA,NA,NA,0,0,0,0,0.0114942528735632,NA
NA,NA,NA,NA,NA,NA,0,0,0,0,0,NA
NA,NA,NA,NA,NA,NA,0,0,0.037037037037037,0.00819672131147541,0.0229885057471264,NA
NA,NA,NA,NA,NA,NA,0,0,0,0,0,NA
NA,NA,NA,NA,NA,NA,0,0,0.0277777777777778,0,0,NA
NA,NA,NA,NA,NA,NA,0,0,0,0,0,NA
NA,NA,NA,NA,NA,NA,0,0,0,0,0,NA
NA,NA,NA,NA,NA,NA,0,0,0,0,0,NA
NA,NA,NA,NA,NA,NA,0,0,0,0,0,NA
NA,NA,NA,NA,NA,NA,0,0,0.0185185185185185,0.0163934426229508,0,NA
NA,NA,NA,NA,NA,NA,0,0,0,0,0,NA
NA,NA,NA,NA,NA,NA,0,0.0220588235294118,0,0.00819672131147541,0,NA
NA,NA,NA,NA,NA,NA,0,0,0,0,0,NA
NA,NA,NA,NA,NA,NA,0,0,0,0,0,NA
NA,NA,NA,NA,NA,NA,0,0,0,0,0,NA
NA,NA,NA,NA,NA,NA,0,0,0,0,0,NA
NA,NA,NA,NA,NA,NA,0,0,0,0,0,NA
NA,NA,NA,NA,NA,NA,0,0,0.0462962962962963,0,0,NA
NA,NA,NA,NA,NA,NA,0,0,0,0,0,NA
NA,NA,NA,NA,NA,NA,0,0,0,0,0,NA
NA,NA,NA,NA,NA,NA,0,0,0,0,0,NA
NA,NA,NA,NA,NA,NA,0,0,0,0,0,NA
NA,NA,NA,NA,NA,NA,0,0.00735294117647059,0,0,0.0229885057471264,NA
NA,NA,NA,NA,NA,NA,0,0,0,0,0,NA
NA,NA,NA,NA,NA,NA,0,0,0,0,0,NA
NA,NA,NA,NA,NA,NA,0,0,0,0,0,NA
NA,NA,NA,NA,NA,NA,0,0.00735294117647059,0.0462962962962963,0,0,NA
NA,NA,NA,NA,NA,NA,0,0,0,0,0,NA
NA,NA,NA,NA,NA,NA,0,0,0,0,0,NA
NA,NA,NA,NA,NA,NA,0,0,0,0,0,NA
NA,NA,NA,NA,NA,NA,0,0,0,0,0,NA
NA,NA,NA,NA,NA,NA,0,0,0,0,0,NA
NA,NA,NA,NA,NA,NA,0,0,0,0.0327868852459016,0.0229885057471264,NA
NA,NA,NA,NA,NA,NA,0,0,0,0,0.0229885057471264,NA
NA,NA,NA,NA,NA,NA,0,0,0.00925925925925926,0,0,NA
NA,NA,NA,NA,NA,NA,0,0,0,0,0,NA
NA,NA,NA,NA,NA,NA,0,0,0,0,0,NA
NA,NA,NA,NA,NA,NA,0,0,0,0.0245901639344262,0,NA
NA,NA,NA,NA,NA,NA,0,0,0,0,0,NA
NA,NA,NA,NA,NA,NA,0,0,0,0,0,NA
NA,NA,NA,NA,NA,NA,0,0,0,0,0,NA
NA,NA,NA,NA,NA,NA,0,0,0,0,0,NA
NA,NA,NA,NA,NA,NA,0,0,0,0,0,NA
NA,NA,NA,NA,NA,NA,0,0,0.0185185185185185,0,0,NA
NA,NA,NA,NA,NA,NA,0,0,0,0,0,NA
NA,NA,NA,NA,NA,NA,0,0,0,0,0,NA
NA,NA,NA,NA,NA,NA,0,0,0,0,0,NA
NA,NA,NA,NA,NA,NA,0,0,0,0,0,NA
NA,NA,NA,NA,NA,NA,0,0,0,0.00819672131147541,0,NA
NA,NA,NA,NA,NA,NA,0,0,0.00925925925925926,0,0,NA
NA,NA,NA,NA,NA,NA,0,0,0,0,0,NA
NA,NA,NA,NA,NA,NA,0,0,0,0,0,NA
NA,NA,NA,NA,NA,NA,0,0,0,0,0,NA
NA,NA,NA,NA,NA,NA,0,0,0,0,0,NA
NA,NA,NA,NA,NA,NA,0,0,0,0,0,NA
NA,NA,NA,NA,NA,NA,0,0,0.0185185185185185,0,0,NA
NA,NA,NA,NA,NA,NA,0,0,0,0.0163934426229508,0,NA
NA,NA,NA,NA,NA,NA,0,0,0,0,0,NA
NA,NA,NA,NA,NA,NA,0,0,0.00925925925925926,0,0,NA
NA,NA,NA,NA,NA,NA,0,0,0,0,0,NA
NA,NA,NA,NA,NA,NA,0,0,0,0,0,NA
NA,NA,NA,NA,NA,NA,0,0,0,0,0,NA
NA,NA,NA,NA,NA,NA,0,0.00735294117647059,0,0,0,NA
NA,NA,NA,NA,NA,NA,0,0,0,0,0,NA
NA,NA,NA,NA,NA,NA,0,0,0,0,0,NA
NA,NA,NA,NA,NA,NA,0,0,0,0,0,NA
NA,NA,NA,NA,NA,NA,0,0,0,0,0,NA
NA,NA,NA,NA,NA,NA,0,0,0,0,0,NA
NA,NA,NA,NA,NA,NA,0,0,0,0,0,NA
NA,NA,NA,NA,NA,NA,0,0,0,0.0163934426229508,0,NA
NA,NA,NA,NA,NA,NA,0,0,0.0462962962962963,0,0,NA
NA,NA,NA,NA,NA,NA,0,0,0,0,0,NA
NA,NA,NA,NA,NA,NA,0,0,0,0,0,NA
NA,NA,NA,NA,NA,NA,0,0,0,0,0,NA
NA,NA,NA,NA,NA,NA,0,0,0,0,0,NA
NA,NA,NA,NA,NA,NA,0,0,0.00925925925925926,0,0,NA
NA,NA,NA,NA,NA,NA,0,0,0,0,0,NA
NA,NA,NA,NA,NA,NA,0,0,0,0,0,NA
NA,NA,NA,NA,NA,NA,0,0,0,0,0,NA
NA,NA,NA,NA,NA,NA,0,0,0,0,0,NA
NA,NA,NA,NA,NA,NA,0,0,0,0,0,NA
NA,NA,NA,NA,NA,NA,0,0.00735294117647059,0.0277777777777778,0,0,NA
NA,NA,NA,NA,NA,NA,0,0,0.00925925925925926,0.00819672131147541,0,NA
NA,NA,NA,NA,NA,NA,0,0,0.0185185185185185,0.00819672131147541,0,NA
NA,NA,NA,NA,NA,NA,0,0,0.0185185185185185,0.0163934426229508,0.0114942528735632,NA
NA,NA,NA,NA,NA,NA,0,0,0,0,0,NA
NA,NA,NA,NA,NA,NA,0,0,0.0185185185185185,0,0,NA
NA,NA,NA,NA,NA,NA,0,0,0.00925925925925926,0,0,NA
NA,NA,NA,NA,NA,NA,0,0,0,0,0,NA
NA,NA,NA,NA,NA,NA,0,0,0.0277777777777778,0,0.0229885057471264,NA
NA,NA,NA,NA,NA,NA,0,0,0,0,0,NA
NA,NA,NA,NA,NA,NA,0,0,0,0,0,NA
NA,NA,NA,NA,NA,NA,0,0,0,0.0327868852459016,0.0114942528735632,NA
NA,NA,NA,NA,NA,NA,0,0,0,0,0,NA
NA,NA,NA,NA,NA,NA,0,0,0,0.0163934426229508,0,NA
NA,NA,NA,NA,NA,NA,0,0,0,0,0,NA
NA,NA,NA,NA,NA,NA,0,0,0,0,0,NA
NA,NA,NA,NA,NA,NA,0,0,0,0,0,NA
NA,NA,NA,NA,NA,NA,0,0,0,0,0.0229885057471264,NA
NA,NA,NA,NA,NA,NA,0,0,0,0,0,NA
NA,NA,NA,NA,NA,NA,0,0,0,0,0,NA
NA,NA,NA,NA,NA,NA,0,0,0,0,0.0689655172413793,NA
NA,NA,NA,NA,NA,NA,0,0,0,0,0,NA
NA,NA,NA,NA,NA,NA,0,0,0.00925925925925926,0,0.0344827586206897,NA
NA,NA,NA,NA,NA,NA,0,0,0,0,0.0114942528735632,NA
NA,NA,NA,NA,NA,NA,0,0,0.00925925925925926,0,0,NA
NA,NA,NA,NA,NA,NA,0,0,0,0,0,NA
NA,NA,NA,NA,NA,NA,0,0,0,0,0,NA
NA,NA,NA,NA,NA,NA,0,0,0,0,0,NA
NA,NA,NA,NA,NA,NA,0,0,0.0185185185185185,0,0,NA
NA,NA,NA,NA,NA,NA,0,0,0,0,0,NA
NA,NA,NA,NA,NA,NA,0,0,0,0,0,NA
NA,NA,NA,NA,NA,NA,0,0,0,0,0,NA
NA,NA,NA,NA,NA,NA,0,0,0,0,0,NA
NA,NA,NA,NA,NA,NA,0,0,0.0555555555555556,0.00819672131147541,0,NA
NA,NA,NA,NA,NA,NA,0,0,0,0,0,NA
NA,NA,NA,NA,NA,NA,0,0,0,0,0,NA
NA,NA,NA,NA,NA,NA,0,0,0.00925925925925926,0,0.0344827586206897,NA
NA,NA,NA,NA,NA,NA,0,0,0,0,0,NA
NA,NA,NA,NA,NA,NA,0,0,0,0,0,NA
NA,NA,NA,NA,NA,NA,0,0,0.00925925925925926,0,0,NA
NA,NA,NA,NA,NA,NA,0,0,0,0,0,NA
NA,NA,NA,NA,NA,NA,0,0,0,0,0,NA
NA,NA,NA,NA,NA,NA,0,0,0,0,0,NA
NA,NA,NA,NA,NA,NA,0,0,0,0,0,NA
NA,NA,NA,NA,NA,NA,0,0,0,0,0,NA
NA,NA,NA,NA,NA,NA,0,0,0.0185185185185185,0,0,NA
NA,NA,NA,NA,NA,NA,0,0,0,0,0,NA
NA,NA,NA,NA,NA,NA,0,0,0,0,0,NA
NA,NA,NA,NA,NA,NA,0,0,0,0,0,NA
NA,NA,NA,NA,NA,NA,0,0,0,0,0,NA
NA,NA,NA,NA,NA,NA,0,0,0,0,0,NA
NA,NA,NA,NA,NA,NA,0,0,0,0.0163934426229508,0,NA
NA,NA,NA,NA,NA,NA,0,0,0.00925925925925926,0,0,NA
NA,NA,NA,NA,NA,NA,0,0,0,0,0,NA
NA,NA,NA,NA,NA,NA,0,0,0,0,0,NA
NA,NA,NA,NA,NA,NA,0,0,0,0,0,NA
NA,NA,NA,NA,NA,NA,0,0.0220588235294118,0.037037037037037,0,0,NA
NA,NA,NA,NA,NA,NA,0,0,0,0,0,NA
NA,NA,NA,NA,NA,NA,0,0,0,0,0,NA
NA,NA,NA,NA,NA,NA,0,0,0,0,0,NA
NA,NA,NA,NA,NA,NA,0,0,0,0,0,NA
NA,NA,NA,NA,NA,NA,0,0,0,0,0,NA
NA,NA,NA,NA,NA,NA,0,0,0,0,0,NA
NA,NA,NA,NA,NA,NA,0,0,0,0.00819672131147541,0,NA
NA,NA,NA,NA,NA,NA,0,0,0.0185185185185185,0,0.0459770114942529,NA
NA,NA,NA,NA,NA,NA,0,0,0,0,0,NA
NA,NA,NA,NA,NA,NA,0,0,0,0,0,NA
NA,NA,NA,NA,NA,NA,0,0,0.0185185185185185,0,0,NA
NA,NA,NA,NA,NA,NA,0,0,0,0,0,NA
NA,NA,NA,NA,NA,NA,0,0,0.0185185185185185,0.0327868852459016,0,NA
NA,NA,NA,NA,NA,NA,0,0,0.00925925925925926,0,0,NA
NA,NA,NA,NA,NA,NA,0,0,0,0,0,NA
NA,NA,NA,NA,NA,NA,0,0,0,0,0,NA
NA,NA,NA,NA,NA,NA,0,0,0.00925925925925926,0,0,NA
NA,NA,NA,NA,NA,NA,0,0,0.0185185185185185,0,0,NA
NA,NA,NA,NA,NA,NA,0,0,0,0.00819672131147541,0.0229885057471264,NA
NA,NA,NA,NA,NA,NA,0,0,0,0.0163934426229508,0.0114942528735632,NA
NA,NA,NA,NA,NA,NA,0,0,0,0,0,NA
NA,NA,NA,NA,NA,NA,0,0,0,0,0,NA
NA,NA,NA,NA,NA,NA,0,0,0,0,0,NA
NA,NA,NA,NA,NA,NA,0,0,0,0.0245901639344262,0,NA
NA,NA,NA,NA,NA,NA,0,0,0.00925925925925926,0,0,NA
NA,NA,NA,NA,NA,NA,0,0,0,0,0,NA
NA,NA,NA,NA,NA,NA,0,0,0,0,0,NA
NA,NA,NA,NA,NA,NA,0,0,0.00925925925925926,0,0.0114942528735632,NA
NA,NA,NA,NA,NA,NA,0,0,0,0,0,NA
NA,NA,NA,NA,NA,NA,0,0,0,0,0,NA
NA,NA,NA,NA,NA,NA,0,0,0,0,0,NA
NA,NA,NA,NA,NA,NA,0,0,0,0,0,NA
NA,NA,NA,NA,NA,NA,0,0,0,0,0,NA
NA,NA,NA,NA,NA,NA,0,0,0,0,0,NA
NA,NA,NA,NA,NA,NA,0,0,0,0,0,NA
NA,NA,NA,NA,NA,NA,0,0,0,0,0,NA
NA,NA,NA,NA,NA,NA,0,0,0,0,0,NA
NA,NA,NA,NA,NA,NA,0,0,0.00925925925925926,0,0,NA
NA,NA,NA,NA,NA,NA,0,0,0,0.00819672131147541,0,NA
NA,NA,NA,NA,NA,NA,0,0,0,0,0,NA
NA,NA,NA,NA,NA,NA,0,0,0,0,0,NA
NA,NA,NA,NA,NA,NA,0,0,0.0185185185185185,0.0163934426229508,0,NA
NA,NA,NA,NA,NA,NA,0,0,0,0,0,NA
NA,NA,NA,NA,NA,NA,0,0,0,0,0,NA
NA,NA,NA,NA,NA,NA,0,0,0.0277777777777778,0,0,NA
NA,NA,NA,NA,NA,NA,0,0,0,0,0,NA
NA,NA,NA,NA,NA,NA,0,0,0,0,0,NA
NA,NA,NA,NA,NA,NA,0,0,0,0,0,NA
NA,NA,NA,NA,NA,NA,0,0,0,0,0,NA
NA,NA,NA,NA,NA,NA,0,0,0,0,0,NA
NA,NA,NA,NA,NA,NA,0,0,0,0,0,NA
NA,NA,NA,NA,NA,NA,0,0,0,0,0,NA
NA,NA,NA,NA,NA,NA,0,0,0,0,0,NA
NA,NA,NA,NA,NA,NA,0,0,0,0,0,NA
NA,NA,NA,NA,NA,NA,0,0,0,0,0,NA
NA,NA,NA,NA,NA,NA,0,0,0,0.0245901639344262,0.0114942528735632,NA
NA,NA,NA,NA,NA,NA,0,0,0.037037037037037,0,0,NA
NA,NA,NA,NA,NA,NA,0,0,0,0,0,NA
NA,NA,NA,NA,NA,NA,0,0,0,0,0,NA
NA,NA,NA,NA,NA,NA,0,0,0,0,0,NA
NA,NA,NA,NA,NA,NA,0,0,0.0740740740740741,0,0,NA
NA,NA,NA,NA,NA,NA,0,0,0,0,0,NA
NA,NA,NA,NA,NA,NA,0,0,0,0,0,NA
NA,NA,NA,NA,NA,NA,0,0.00735294117647059,0,0.0245901639344262,0.0229885057471264,NA
NA,NA,NA,NA,NA,NA,0,0,0.0277777777777778,0,0,NA
NA,NA,NA,NA,NA,NA,0,0,0.00925925925925926,0,0,NA
NA,NA,NA,NA,NA,NA,0,0,0,0,0,NA
NA,NA,NA,NA,NA,NA,0,0,0.00925925925925926,0,0,NA
NA,NA,NA,NA,NA,NA,0,0,0.0277777777777778,0,0,NA
NA,NA,NA,NA,NA,NA,0,0,0,0,0,NA
NA,NA,NA,NA,NA,NA,0,0,0,0.00819672131147541,0,NA
NA,NA,NA,NA,NA,NA,0,0,0,0,0,NA
NA,NA,NA,NA,NA,NA,0,0,0,0.0245901639344262,0.0689655172413793,NA
NA,NA,NA,NA,NA,NA,0,0,0,0.00819672131147541,0,NA
NA,NA,NA,NA,NA,NA,0,0,0,0,0.0229885057471264,NA
NA,NA,NA,NA,NA,NA,0,0,0,0,0,NA
NA,NA,NA,NA,NA,NA,0,0,0,0,0,NA
NA,NA,NA,NA,NA,NA,0,0,0,0,0,NA
NA,NA,NA,NA,NA,NA,0,0,0,0,0,NA
NA,NA,NA,NA,NA,NA,0,0,0.0462962962962963,0,0,NA
NA,NA,NA,NA,NA,NA,0,0,0,0.0163934426229508,0,NA
NA,NA,NA,NA,NA,NA,0,0,0,0,0,NA
NA,NA,NA,NA,NA,NA,0,0,0,0,0,NA
NA,NA,NA,NA,NA,NA,0,0,0,0,0,NA
NA,NA,NA,NA,NA,NA,0,0,0,0,0,NA
NA,NA,NA,NA,NA,NA,0,0,0,0,0,NA
NA,NA,NA,NA,NA,NA,0,0,0,0.00819672131147541,0.0344827586206897,NA
NA,NA,NA,NA,NA,NA,0,0,0,0,0,NA
NA,NA,NA,NA,NA,NA,0,0,0,0,0,NA
NA,NA,NA,NA,NA,NA,0,0,0,0,0,NA
NA,NA,NA,NA,NA,NA,0,0,0,0,0,NA
NA,NA,NA,NA,NA,NA,0,0,0,0,0,NA
NA,NA,NA,NA,NA,NA,0,0,0,0,0,NA
NA,NA,NA,NA,NA,NA,0,0,0,0,0,NA
NA,NA,NA,NA,NA,NA,0,0,0,0,0,NA
NA,NA,NA,NA,NA,NA,0,0,0,0,0.0114942528735632,NA
NA,NA,NA,NA,NA,NA,0,0,0,0,0,NA
NA,NA,NA,NA,NA,NA,0,0,0,0.0163934426229508,0.0229885057471264,NA
NA,NA,NA,NA,NA,NA,0,0,0,0,0,NA
NA,NA,NA,NA,NA,NA,0,0,0,0,0,NA
NA,NA,NA,NA,NA,NA,0,0,0,0,0,NA
NA,NA,NA,NA,NA,NA,0,0,0.00925925925925926,0.0163934426229508,0,NA
NA,NA,NA,NA,NA,NA,0,0,0,0,0,NA
NA,NA,NA,NA,NA,NA,0,0,0,0,0.0114942528735632,NA
NA,NA,NA,NA,NA,NA,0,0,0,0,0,NA
NA,NA,NA,NA,NA,NA,0,0,0,0,0,NA
NA,NA,NA,NA,NA,NA,0,0,0,0,0.0344827586206897,NA
NA,NA,NA,NA,NA,NA,0,0,0,0,0,NA
NA,NA,NA,NA,NA,NA,0,0,0,0,0,NA
NA,NA,NA,NA,NA,NA,0,0,0.0185185185185185,0.00819672131147541,0,NA
NA,NA,NA,NA,NA,NA,0,0,0,0,0,NA
NA,NA,NA,NA,NA,NA,0,0,0.00925925925925926,0,0,NA
NA,NA,NA,NA,NA,NA,0,0,0,0,0.0229885057471264,NA
NA,NA,NA,NA,NA,NA,0,0,0,0,0,NA
NA,NA,NA,NA,NA,NA,0,0,0,0,0,NA
NA,NA,NA,NA,NA,NA,0,0,0,0,0,NA
NA,NA,NA,NA,NA,NA,0,0,0,0,0,NA
NA,NA,NA,NA,NA,NA,0,0,0,0,0,NA
NA,NA,NA,NA,NA,NA,0,0,0,0,0.0344827586206897,NA
NA,NA,NA,NA,NA,NA,0,0,0,0,0,NA
NA,NA,NA,NA,NA,NA,0,0,0,0,0,NA
NA,NA,NA,NA,NA,NA,0,0,0,0,0,NA
NA,NA,NA,NA,NA,NA,0,0,0,0,0,NA
NA,NA,NA,NA,NA,NA,0,0,0,0,0,NA
NA,NA,NA,NA,NA,NA,0,0,0,0,0,NA
NA,NA,NA,NA,NA,NA,0,0,0,0,0,NA
NA,NA,NA,NA,NA,NA,0,0,0.037037037037037,0,0,NA
NA,NA,NA,NA,NA,NA,0,0,0,0.00819672131147541,0,NA
NA,NA,NA,NA,NA,NA,0,0,0,0,0,NA
NA,NA,NA,NA,NA,NA,0,0,0,0,0,NA
NA,NA,NA,NA,NA,NA,0,0,0,0,0,NA
NA,NA,NA,NA,NA,NA,0,0,0,0,0,NA
NA,NA,NA,NA,NA,NA,0,0.00735294117647059,0,0,0,NA
NA,NA,NA,NA,NA,NA,0,0,0,0,0,NA
NA,NA,NA,NA,NA,NA,0,0,0,0,0,NA
NA,NA,NA,NA,NA,NA,0,0,0,0,0,NA
NA,NA,NA,NA,NA,NA,0,0,0.037037037037037,0,0,NA
NA,NA,NA,NA,NA,NA,0,0.0147058823529412,0,0,0,NA
NA,NA,NA,NA,NA,NA,0,0,0,0,0,NA
NA,NA,NA,NA,NA,NA,0,0,0.00925925925925926,0.0163934426229508,0.0229885057471264,NA
NA,NA,NA,NA,NA,NA,0,0,0,0,0,NA
NA,NA,NA,NA,NA,NA,0,0,0,0,0,NA
NA,NA,NA,NA,NA,NA,0,0,0.00925925925925926,0,0,NA
NA,NA,NA,NA,NA,NA,0,0,0,0,0,NA
NA,NA,NA,NA,NA,NA,0,0,0,0,0,NA
NA,NA,NA,NA,NA,NA,0,0,0,0,0,NA
NA,NA,NA,NA,NA,NA,0,0,0.0185185185185185,0,0,NA
NA,NA,NA,NA,NA,NA,0,0,0,0,0,NA
NA,NA,NA,NA,NA,NA,0,0,0,0,0,NA
NA,NA,NA,NA,NA,NA,0,0,0,0,0,NA
NA,NA,NA,NA,NA,NA,0,0,0,0,0,NA
NA,NA,NA,NA,NA,NA,0,0,0,0.00819672131147541,0,NA
NA,NA,NA,NA,NA,NA,0,0,0,0.00819672131147541,0,NA
NA,NA,NA,NA,NA,NA,0,0,0,0,0,NA
NA,NA,NA,NA,NA,NA,0,0,0.0277777777777778,0.00819672131147541,0,NA
NA,NA,NA,NA,NA,NA,0,0,0.00925925925925926,0,0,NA
NA,NA,NA,NA,NA,NA,0,0,0,0,0,NA
NA,NA,NA,NA,NA,NA,0,0.00735294117647059,0,0,0,NA
NA,NA,NA,NA,NA,NA,0,0,0,0,0,NA
NA,NA,NA,NA,NA,NA,0,0,0.0462962962962963,0.0245901639344262,0,NA
NA,NA,NA,NA,NA,NA,0,0,0,0,0,NA
NA,NA,NA,NA,NA,NA,0,0,0,0,0,NA
NA,NA,NA,NA,NA,NA,0,0.00735294117647059,0,0,0,NA
NA,NA,NA,NA,NA,NA,0,0,0.00925925925925926,0,0,NA
NA,NA,NA,NA,NA,NA,0,0,0,0.00819672131147541,0,NA
NA,NA,NA,NA,NA,NA,0,0,0,0,0,NA
NA,NA,NA,NA,NA,NA,0,0,0,0,0,NA
NA,NA,NA,NA,NA,NA,0,0,0,0,0,NA
NA,NA,NA,NA,NA,NA,0,0,0,0,0,NA
NA,NA,NA,NA,NA,NA,0,0,0,0.0163934426229508,0,NA
NA,NA,NA,NA,NA,NA,0,0,0,0,0,NA
NA,NA,NA,NA,NA,NA,0,0,0,0.0327868852459016,0,NA
NA,NA,NA,NA,NA,NA,0,0,0.037037037037037,0,0,NA
NA,NA,NA,NA,NA,NA,0,0,0,0,0.0229885057471264,NA
NA,NA,NA,NA,NA,NA,0,0,0,0,0,NA
NA,NA,NA,NA,NA,NA,0,0,0,0,0,NA
NA,NA,NA,NA,NA,NA,0,0,0.00925925925925926,0,0,NA
NA,NA,NA,NA,NA,NA,0,0,0,0.00819672131147541,0.0574712643678161,NA
NA,NA,NA,NA,NA,NA,0,0,0,0,0,NA
NA,NA,NA,NA,NA,NA,0,0,0.00925925925925926,0,0,NA
NA,NA,NA,NA,NA,NA,0,0,0,0.00819672131147541,0,NA
NA,NA,NA,NA,NA,NA,0,0,0,0,0,NA
NA,NA,NA,NA,NA,NA,0,0,0.0277777777777778,0,0,NA
NA,NA,NA,NA,NA,NA,0,0,0,0,0.0229885057471264,NA
NA,NA,NA,NA,NA,NA,0,0,0.00925925925925926,0.0245901639344262,0,NA
NA,NA,NA,NA,NA,NA,0,0,0,0.0327868852459016,0,NA
NA,NA,NA,NA,NA,NA,0,0,0,0.0163934426229508,0,NA
NA,NA,NA,NA,NA,NA,0,0,0,0,0.0114942528735632,NA
NA,NA,NA,NA,NA,NA,0,0,0,0,0,NA
NA,NA,NA,NA,NA,NA,0,0,0,0.00819672131147541,0,NA
NA,NA,NA,NA,NA,NA,0,0,0,0,0,NA
NA,NA,NA,NA,NA,NA,0,0,0,0,0,NA
NA,NA,NA,NA,NA,NA,0,0,0,0,0,NA
NA,NA,NA,NA,NA,NA,0,0,0.0185185185185185,0,0,NA
NA,NA,NA,NA,NA,NA,0,0,0,0,0,NA
NA,NA,NA,NA,NA,NA,0,0,0.0185185185185185,0.0163934426229508,0,NA
NA,NA,NA,NA,NA,NA,0,0,0,0,0,NA
NA,NA,NA,NA,NA,NA,0,0,0,0,0,NA
NA,NA,NA,NA,NA,NA,0,0,0,0.0163934426229508,0,NA
NA,NA,NA,NA,NA,NA,0,0,0,0,0,NA
NA,NA,NA,NA,NA,NA,0,0,0.0925925925925926,0.0163934426229508,0,NA
NA,NA,NA,NA,NA,NA,0,0,0,0,0,NA
NA,NA,NA,NA,NA,NA,0,0,0,0,0.0229885057471264,NA
NA,NA,NA,NA,NA,NA,0,0,0.0277777777777778,0,0,NA
NA,NA,NA,NA,NA,NA,0,0,0,0,0.0229885057471264,NA
NA,NA,NA,NA,NA,NA,0,0,0,0,0,NA
NA,NA,NA,NA,NA,NA,0,0,0.00925925925925926,0,0,NA
NA,NA,NA,NA,NA,NA,0,0,0,0,0,NA
NA,NA,NA,NA,NA,NA,0,0,0,0,0,NA
NA,NA,NA,NA,NA,NA,0,0,0,0.0163934426229508,0,NA
NA,NA,NA,NA,NA,NA,0,0,0,0.00819672131147541,0,NA
NA,NA,NA,NA,NA,NA,0,0,0,0,0,NA
NA,NA,NA,NA,NA,NA,0,0,0,0,0,NA
NA,NA,NA,NA,NA,NA,0,0,0,0.00819672131147541,0,NA
NA,NA,NA,NA,NA,NA,0,0,0,0,0,NA
NA,NA,NA,NA,NA,NA,0,0,0,0,0.0114942528735632,NA
NA,NA,NA,NA,NA,NA,0,0,0.0277777777777778,0,0,NA
NA,NA,NA,NA,NA,NA,0,0,0.00925925925925926,0,0,NA
NA,NA,NA,NA,NA,NA,0,0,0,0.00819672131147541,0,NA
NA,NA,NA,NA,NA,NA,0,0,0,0,0,NA
NA,NA,NA,NA,NA,NA,0,0,0,0,0,NA
NA,NA,NA,NA,NA,NA,0,0,0,0,0,NA
NA,NA,NA,NA,NA,NA,0,0,0,0,0,NA
NA,NA,NA,NA,NA,NA,0,0,0,0,0,NA
NA,NA,NA,NA,NA,NA,0,0,0,0,0.0114942528735632,NA
NA,NA,NA,NA,NA,NA,0,0,0,0,0,NA
NA,NA,NA,NA,NA,NA,0,0,0,0,0,NA
NA,NA,NA,NA,NA,NA,0,0,0,0,0,NA
NA,NA,NA,NA,NA,NA,0,0,0,0,0,NA
NA,NA,NA,NA,NA,NA,0,0,0,0,0,NA
NA,NA,NA,NA,NA,NA,0,0,0.0185185185185185,0,0,NA
NA,NA,NA,NA,NA,NA,0,0.00735294117647059,0,0,0.0689655172413793,NA
NA,NA,NA,NA,NA,NA,0,0,0,0,0,NA
NA,NA,NA,NA,NA,NA,0,0,0,0,0,NA
NA,NA,NA,NA,NA,NA,0,0,0,0,0,NA
NA,NA,NA,NA,NA,NA,0,0,0.0833333333333333,0,0,NA
NA,NA,NA,NA,NA,NA,0,0,0.00925925925925926,0.00819672131147541,0,NA
NA,NA,NA,NA,NA,NA,0,0,0.0185185185185185,0,0,NA
NA,NA,NA,NA,NA,NA,0,0,0,0.040983606557377,0,NA
NA,NA,NA,NA,NA,NA,0,0,0,0,0,NA
NA,NA,NA,NA,NA,NA,0,0,0,0,0.0344827586206897,NA
NA,NA,NA,NA,NA,NA,0,0,0,0,0,NA
NA,NA,NA,NA,NA,NA,0,0,0,0,0,NA
NA,NA,NA,NA,NA,NA,0,0,0,0,0,NA
NA,NA,NA,NA,NA,NA,0,0,0,0,0,NA
NA,NA,NA,NA,NA,NA,0,0,0,0,0,NA
NA,NA,NA,NA,NA,NA,0,0,0,0,0,NA
NA,NA,NA,NA,NA,NA,0,0,0,0,0,NA
NA,NA,NA,NA,NA,NA,0,0,0.00925925925925926,0,0,NA
NA,NA,NA,NA,NA,NA,0,0.00735294117647059,0,0,0,NA
NA,NA,NA,NA,NA,NA,0,0,0.0185185185185185,0,0,NA
NA,NA,NA,NA,NA,NA,0,0,0,0,0,NA
NA,NA,NA,NA,NA,NA,0,0,0,0,0,NA
NA,NA,NA,NA,NA,NA,0,0,0,0,0,NA
NA,NA,NA,NA,NA,NA,0,0,0,0,0,NA
NA,NA,NA,NA,NA,NA,0,0,0,0.040983606557377,0,NA
NA,NA,NA,NA,NA,NA,0,0,0,0,0,NA
NA,NA,NA,NA,NA,NA,0,0,0,0,0,NA
NA,NA,NA,NA,NA,NA,0,0,0,0,0,NA
NA,NA,NA,NA,NA,NA,0,0,0.00925925925925926,0,0,NA
NA,NA,NA,NA,NA,NA,0,0,0,0.0245901639344262,0,NA
